Record Type,Sr No,Name of Security, Series, Quantity Traded,Deliverable Quantity(gross across client level),% of Deliverable Quantity to Traded Quantity
20,2,20MICRONS,EQ,581423,333911,57.43
20,3,21STCENMGM,EQ,695,695,100.00
20,4,3MINDIA,EQ,2134,1206,56.51
20,5,5PAISA,EQ,56765,17855,31.45
20,6,622GS2035,GS,400,400,100.00
20,7,63MOONS,EQ,345373,198632,57.51
20,8,664GS2035,GS,100,100,100.00
20,9,667GS2050,GS,8008,8008,100.00
20,10,676GS2061,GS,7090,6790,95.77
20,11,68GS2060,GS,100,100,100.00
20,12,772GS2055,GS,269,269,100.00
20,13,813GS2045,GS,100,100,100.00
20,14,A2ZINFRA,EQ,445721,313521,70.34
20,15,AAATECH,SM,9000,6000,66.67
20,16,AAKASH,EQ,135894,65845,48.45
20,17,AARON,EQ,34427,17836,51.81
20,18,AARTIDRUGS,EQ,423050,135328,31.99
20,19,AARTIIND,EQ,1776400,528553,29.75
20,20,AARTISURF,EQ,28286,17912,63.32
20,21,AARVEEDEN,EQ,250541,164831,65.79
20,22,AARVI,EQ,40777,34926,85.65
20,23,AAVAS,EQ,73326,49703,67.78
20,24,ABAN,EQ,401314,216986,54.07
20,25,ABB,EQ,127132,93046,73.19
20,26,ABBOTINDIA,EQ,17240,7952,46.13
20,27,ABCAPITAL,EQ,3375957,1383557,40.98
20,28,ABFRL,EQ,3734855,1527989,40.91
20,29,ABINFRA,SM,4000,4000,100.00
20,30,ABSLBANETF,EQ,660,39,5.91
20,31,ABSLNN50ET,EQ,153,70,45.75
20,32,ABSLRIF6RG,MF,73610,72610,98.64
20,33,ACC,EQ,538219,247167,45.92
20,34,ACCELYA,EQ,60164,22823,37.93
20,35,ACCURACY,EQ,27512,13742,49.95
20,36,ACE,EQ,507906,226580,44.61
20,37,ACRYSIL,EQ,193235,107061,55.40
20,38,ADANIENT,EQ,4442122,829706,18.68
20,39,ADANIPORTS,EQ,18429941,2197967,11.93
20,40,ADFFOODS,EQ,16093,9820,61.02
20,41,ADORWELD,EQ,14036,8494,60.52
20,42,ADSL,EQ,313280,221428,70.68
20,43,ADVANIHOTR,EQ,218177,120455,55.21
20,44,ADVENZYMES,EQ,905271,345665,38.18
20,45,AEGISCHEM,EQ,503576,301141,59.80
20,46,AGARIND,EQ,105555,82522,78.18
20,47,AGRITECH,EQ,70091,53547,76.40
20,48,AGROPHOS,EQ,64562,45041,69.76
20,49,AHLADA,EQ,98641,64848,65.74
20,50,AHLEAST,EQ,8475,4594,54.21
20,51,AHLUCONT,EQ,12205,6356,52.08
20,52,AHLWEST,EQ,5003,2857,57.11
20,53,AIAENG,EQ,11767,6325,53.75
20,54,AILIMITED,SM,6000,6000,100.00
20,55,AIROLAM,SM,12000,9000,75.00
20,56,AISL,SM,31200,8400,26.92
20,57,AJANTPHARM,EQ,177445,130300,73.43
20,58,AJOONI,EQ,121518,97072,79.88
20,59,AKASH,EQ,94357,67929,71.99
20,60,AKG,EQ,8712,6371,73.13
20,61,AKSHARCHEM,EQ,342071,100738,29.45
20,62,AKZOINDIA,EQ,18901,10323,54.62
20,63,ALANKIT,EQ,1572877,831842,52.89
20,64,ALBERTDAVD,EQ,19025,9806,51.54
20,65,ALEMBICLTD,EQ,491135,237402,48.34
20,66,ALICON,EQ,15322,8810,57.50
20,67,ALKALI,EQ,251960,145672,57.82
20,68,ALKEM,EQ,281571,102736,36.49
20,69,ALKYLAMINE,EQ,359230,114955,32.00
20,70,ALLCARGO,EQ,2437634,847848,34.78
20,71,ALLSEC,EQ,20603,13079,63.48
20,72,ALMONDZ,EQ,13521,9736,72.01
20,73,ALOKINDS,EQ,5993782,2880068,48.05
20,74,ALPA,EQ,63784,57573,90.26
20,75,ALPHAGEO,EQ,454082,142318,31.34
20,76,AMARAJABAT,EQ,651098,275987,42.39
20,77,AMBANIORG,SM,2000,2000,100.00
20,78,AMBER,EQ,42902,27089,63.14
20,79,AMBICAAGAR,EQ,55333,36316,65.63
20,80,AMBIKCO,EQ,83091,37182,44.75
20,81,AMBUJACEM,EQ,2912201,955502,32.81
20,82,AMDIND,EQ,29968,19592,65.38
20,83,AMJLAND,EQ,675992,332153,49.14
20,84,AMRUTANJAN,EQ,19817,9462,47.75
20,85,ANDHRAPAP,EQ,51988,31288,60.18
20,86,ANDHRSUGAR,EQ,191539,100071,52.25
20,87,ANGELBRKG,EQ,717973,315714,43.97
20,88,ANIKINDS,EQ,24720,20357,82.35
20,89,ANMOL,EQ,27760,2642,9.52
20,90,ANSALAPI,EQ,227860,101856,44.70
20,91,ANSALHSG,EQ,283316,213227,75.26
20,92,ANUP,EQ,50270,25668,51.06
20,93,ANURAS,EQ,291862,174363,59.74
20,94,APARINDS,EQ,172994,80999,46.82
20,95,APCL,EQ,68049,38936,57.22
20,96,APCOTEXIND,EQ,234429,152962,65.25
20,97,APEX,EQ,123874,39677,32.03
20,98,APLAPOLLO,EQ,189594,119621,63.09
20,99,APLLTD,EQ,434743,182466,41.97
20,100,APOLLO,EQ,2259499,885435,39.19
20,101,APOLLOHOSP,EQ,981680,209735,21.36
20,102,APOLLOPIPE,EQ,143830,78918,54.87
20,103,APOLLOTYRE,EQ,4749916,1094025,23.03
20,104,APOLSINHOT,EQ,4295,3189,74.25
20,105,APTECHT,EQ,314119,125012,39.80
20,106,ARENTERP,EQ,1521,1334,87.71
20,107,ARIES,EQ,108629,69026,63.54
20,108,ARIHANT,EQ,25091,12348,49.21
20,109,ARIHANTCAP,EQ,43622,24804,56.86
20,110,ARIHANTSUP,EQ,29007,29006,100.00
20,111,ARMANFIN,EQ,9133,5367,58.76
20,112,AROGRANITE,EQ,92447,55921,60.49
20,113,ARROWGREEN,EQ,31769,13396,42.17
20,114,ARSHIYA,EQ,67280,57525,85.50
20,115,ARSSINFRA,EQ,28055,17732,63.20
20,116,ARTEMISMED,EQ,13915,8987,64.58
20,117,ARVIND,EQ,3708228,2137770,57.65
20,118,ARVINDFASN,EQ,1396949,721491,51.65
20,119,ARVSMART,EQ,121632,55590,45.70
20,120,ASAHIINDIA,EQ,224560,84245,37.52
20,121,ASAHISONG,EQ,273816,114997,42.00
20,122,ASALCBR,EQ,156087,82287,52.72
20,123,ASHIANA,EQ,169486,64451,38.03
20,124,ASHIMASYN,EQ,262613,253235,96.43
20,125,ASHOKA,EQ,1083056,568177,52.46
20,126,ASHOKLEY,EQ,42005951,12651657,30.12
20,127,ASIANHOTNR,EQ,22059,14581,66.10
20,128,ASIANPAINT,EQ,2433031,823311,33.84
20,129,ASIANTILES,EQ,965049,542545,56.22
20,130,ASLIND,SM,8000,8000,100.00
20,131,ASPINWALL,EQ,34125,20718,60.71
20,132,ASTEC,EQ,23437,12150,51.84
20,133,ASTERDM,EQ,554450,309473,55.82
20,134,ASTRAL,EQ,583625,191738,32.85
20,135,ASTRAMICRO,EQ,1733069,659098,38.03
20,136,ASTRAZEN,EQ,10490,6068,57.85
20,137,ASTRON,EQ,990650,369837,37.33
20,138,ATALREAL,SM,54400,14400,26.47
20,139,ATFL,EQ,73382,51984,70.84
20,140,ATUL,EQ,79771,75956,95.22
20,141,ATULAUTO,EQ,176138,71502,40.59
20,142,AUBANK,EQ,922696,206883,22.42
20,143,AUROPHARMA,EQ,1248612,621662,49.79
20,144,AUTOAXLES,EQ,27557,12545,45.52
20,145,AUTOIND,EQ,70563,64846,91.90
20,146,AVADHSUGAR,EQ,140263,61027,43.51
20,147,AVANTIFEED,EQ,380234,118255,31.10
20,148,AVG,SM,2400,2400,100.00
20,149,AVTNPL,EQ,279315,93870,33.61
20,150,AWHCL,EQ,194145,87132,44.88
20,151,AXISBANK,EQ,9265839,5283837,57.02
20,152,AXISBNKETF,EQ,2050,1364,66.54
20,153,AXISBPSETF,EQ,4750,4223,88.91
20,154,AXISCADES,EQ,36202,23206,64.10
20,155,AXISGOLD,EQ,201865,187966,93.11
20,156,AXISHCETF,EQ,19143,16433,85.84
20,157,AXISNIFTY,EQ,7852,6128,78.04
20,158,AXISTECETF,EQ,4196,3411,81.29
20,159,AYMSYNTEX,EQ,97407,59311,60.89
20,160,BAFNAPH,EQ,12622,7678,60.83
20,161,BAGFILMS,EQ,332053,254472,76.64
20,162,BAJAJ-AUTO,EQ,408981,260336,63.65
20,163,BAJAJCON,EQ,440865,222335,50.43
20,164,BAJAJELEC,EQ,70606,30313,42.93
20,165,BAJAJFINSV,EQ,202430,54542,26.94
20,166,BAJAJHLDNG,EQ,31031,26066,84.00
20,167,BAJFINANCE,EQ,1091710,410452,37.60
20,168,BALAJITELE,EQ,726786,233370,32.11
20,169,BALAMINES,EQ,350985,104457,29.76
20,170,BALAXI,EQ,4841,2759,56.99
20,171,BALKRISIND,EQ,716587,298183,41.61
20,172,BALMLAWRIE,EQ,166677,95813,57.48
20,173,BALPHARMA,EQ,179228,118259,65.98
20,174,BALRAMCHIN,EQ,983211,451089,45.88
20,175,BANARBEADS,EQ,42747,27252,63.75
20,176,BANARISUG,EQ,25218,14708,58.32
20,177,BANCOINDIA,EQ,351151,193911,55.22
20,178,BANDHANBNK,EQ,5725607,1892382,33.05
20,179,BANKA,EQ,64135,38339,59.78
20,180,BANKBARODA,EQ,38355785,10185540,26.56
20,181,BANKBEES,EQ,435420,279622,64.22
20,182,BANKINDIA,EQ,7526644,1432694,19.03
20,183,BANSWRAS,EQ,37028,28862,77.95
20,184,BARBEQUE,EQ,677746,109160,16.11
20,185,BASF,EQ,29967,17042,56.87
20,186,BASML,EQ,232005,157515,67.89
20,187,BATAINDIA,EQ,1608498,213368,13.27
20,188,BAYERCROP,EQ,10737,6428,59.87
20,189,BBL,EQ,46194,22502,48.71
20,190,BBTC,EQ,156606,55412,35.38
20,191,BBTCL,SM,21000,15000,71.43
20,192,BCLIND,EQ,97367,51256,52.64
20,193,BCONCEPTS,SM,27000,3000,11.11
20,194,BCP,EQ,413205,314700,76.16
20,195,BDL,EQ,215372,120983,56.17
20,196,BEARDSELL,EQ,37165,35877,96.53
20,197,BECTORFOOD,EQ,170765,101241,59.29
20,198,BEL,EQ,5885660,3396483,57.71
20,199,BEML,EQ,346199,146911,42.44
20,200,BEPL,EQ,4093533,1551363,37.90
20,201,BERGEPAINT,EQ,718455,202752,28.22
20,202,BESTAGRO,EQ,70901,39124,55.18
20,203,BETA,SM,2400,2400,100.00
20,204,BFINVEST,EQ,53887,15214,28.23
20,205,BFUTILITIE,EQ,202092,65860,32.59
20,206,BGRENERGY,EQ,47843,27639,57.77
20,207,BHAGERIA,EQ,59967,22530,37.57
20,208,BHAGYANGR,EQ,39627,17241,43.51
20,209,BHAGYAPROP,EQ,26042,21497,82.55
20,210,BHANDARI,EQ,299507,190513,63.61
20,211,BHARATFORG,EQ,3313907,672725,20.30
20,212,BHARATGEAR,EQ,39179,23525,60.04
20,213,BHARATRAS,EQ,1341,599,44.67
20,214,BHARTIARTL,EQ,21280806,8628293,40.54
20,215,BHEL,EQ,30057995,7828113,26.04
20,216,BIGBLOC,EQ,72332,36508,50.47
20,217,BIL,EQ,9934,7818,78.70
20,218,BINDALAGRO,EQ,237830,154222,64.85
20,219,BIOCON,EQ,1072037,376596,35.13
20,220,BIOFILCHEM,EQ,61650,41585,67.45
20,221,BIRET,RR,225000,205000,91.11
20,222,BIRLACORPN,EQ,118785,91956,77.41
20,223,BIRLAMONEY,EQ,146061,90108,61.69
20,224,BIRLATYRE,EQ,474175,325228,68.59
20,225,BLBLIMITED,EQ,19798,19798,100.00
20,226,BLISSGVS,EQ,3656995,853666,23.34
20,227,BLKASHYAP,EQ,772752,614188,79.48
20,228,BLS,EQ,4510364,1252189,27.76
20,229,BLUEDART,EQ,185064,43382,23.44
20,230,BLUESTARCO,EQ,101127,80132,79.24
20,231,BODALCHEM,EQ,1048131,387823,37.00
20,232,BOHRA,SM,6000,6000,100.00
20,233,BOMDYEING,EQ,6941137,1605205,23.13
20,234,BOROLTD,EQ,299894,163323,54.46
20,235,BOSCHLTD,EQ,36212,21547,59.50
20,236,BPCL,EQ,3927566,1811392,46.12
20,237,BPL,EQ,412782,237798,57.61
20,238,BRIGADE,EQ,1415452,584243,41.28
20,239,BRIGHT,SM,228000,225000,98.68
20,240,BRITANNIA,EQ,1326045,935494,70.55
20,241,BRITANNIA,N2,5531,5280,95.46
20,242,BRITANNIA,N3,55644,55041,98.92
20,243,BRNL,EQ,282891,150354,53.15
20,244,BROOKS,EQ,61242,43250,70.62
20,245,BSE,EQ,366709,172150,46.94
20,246,BSL,EQ,165697,82389,49.72
20,247,BSLGOLDETF,EQ,977,807,82.60
20,248,BSLNIFTY,EQ,897,484,53.96
20,249,BSOFT,EQ,1251896,664849,53.11
20,250,BTML,SM,2400,1200,50.00
20,251,BURGERKING,EQ,2210552,822135,37.19
20,252,BYKE,EQ,86418,50218,58.11
20,253,CADILAHC,EQ,2099327,736618,35.09
20,254,CADSYS,SM,4000,4000,100.00
20,255,CAMLINFINE,EQ,668575,411661,61.57
20,256,CAMS,EQ,173987,42314,24.32
20,257,CANBK,EQ,14001982,5748508,41.05
20,258,CANFINHOME,EQ,525462,291440,55.46
20,259,CANTABIL,EQ,57281,40063,69.94
20,260,CAPACITE,EQ,614997,318586,51.80
20,261,CAPLIPOINT,EQ,316472,103888,32.83
20,262,CAPTRUST,EQ,10367,5173,49.90
20,263,CARBORUNIV,EQ,430212,114730,26.67
20,264,CAREERP,EQ,142801,97758,68.46
20,265,CARERATING,EQ,609254,238448,39.14
20,266,CASTROLIND,EQ,3047578,847778,27.82
20,267,CCL,EQ,413258,170833,41.34
20,268,CEATLTD,EQ,137872,50418,36.57
20,269,CELEBRITY,EQ,1724070,647631,37.56
20,270,CENTENKA,EQ,213108,110202,51.71
20,271,CENTEXT,EQ,425791,290701,68.27
20,272,CENTRALBK,EQ,15262595,8154769,53.43
20,273,CENTRUM,EQ,4088077,522224,12.77
20,274,CENTUM,EQ,8070,3933,48.74
20,275,CENTURYPLY,EQ,120563,73304,60.80
20,276,CENTURYTEX,EQ,760526,155562,20.45
20,277,CERA,EQ,23262,10401,44.71
20,278,CEREBRAINT,EQ,364709,245951,67.44
20,279,CESC,EQ,476355,321415,67.47
20,280,CGCL,EQ,114754,49865,43.45
20,281,CHALET,EQ,117120,55387,47.29
20,282,CHAMBLFERT,EQ,1851547,935835,50.54
20,283,CHEMBOND,EQ,212912,99598,46.78
20,284,CHEMCON,EQ,3551604,784928,22.10
20,285,CHEMFAB,EQ,14487,8679,59.91
20,286,CHENNPETRO,EQ,468542,229091,48.89
20,287,CHOLAFIN,EQ,4123446,1322111,32.06
20,288,CHOLAHLDNG,EQ,58829,31126,52.91
20,289,CIGNITITEC,EQ,116742,88693,75.97
20,290,CINELINE,EQ,1766427,902115,51.07
20,291,CIPLA,EQ,2014511,755745,37.52
20,292,CLEAN,EQ,234059,115049,49.15
20,293,CLEDUCATE,EQ,109785,67594,61.57
20,294,CLNINDIA,EQ,77767,45520,58.53
20,295,CLSEL,EQ,88015,59707,67.84
20,296,CMICABLES,EQ,125643,55810,44.42
20,297,CMMIPL,SM,6000,6000,100.00
20,298,COALINDIA,EQ,5648929,2194733,38.85
20,299,COCHINSHIP,EQ,265835,102050,38.39
20,300,COFFEEDAY,EQ,6067270,3180322,52.42
20,301,COFORGE,EQ,498197,153250,30.76
20,302,COLPAL,EQ,800213,504270,63.02
20,303,COMPINFO,EQ,5405185,1827234,33.81
20,304,COMPUSOFT,EQ,92124,64012,69.48
20,305,CONCOR,EQ,2841977,1240038,43.63
20,306,CONFIPET,EQ,554712,398689,71.87
20,307,CONSOFINVT,EQ,27750,21449,77.29
20,308,CONTROLPR,EQ,22101,15775,71.38
20,309,CORALFINAC,EQ,81695,44838,54.88
20,310,CORDSCABLE,EQ,49016,32843,67.00
20,311,COROMANDEL,EQ,610455,296290,48.54
20,312,COSMOFILMS,EQ,290341,98774,34.02
20,313,COUNCODOS,EQ,180961,147313,81.41
20,314,CPSEETF,EQ,20899749,20856076,99.79
20,315,CRAFTSMAN,EQ,34029,21618,63.53
20,316,CREATIVEYE,EQ,36268,36268,100.00
20,317,CREDITACC,EQ,51522,14497,28.14
20,318,CRISIL,EQ,80094,20061,25.05
20,319,CROMPTON,EQ,1237332,745547,60.25
20,320,CSBBANK,EQ,169772,33193,19.55
20,321,CTE,EQ,119189,88648,74.38
20,322,CUB,EQ,1426554,693918,48.64
20,323,CUBEXTUB,EQ,8899,4589,51.57
20,324,CUMMINSIND,EQ,2275514,522101,22.94
20,325,CUPID,EQ,95433,59140,61.97
20,326,CYBERTECH,EQ,154787,99084,64.01
20,327,CYIENT,EQ,164639,120306,73.07
20,328,DAAWAT,EQ,1290536,682394,52.88
20,329,DABUR,EQ,13194079,4236125,32.11
20,330,DALBHARAT,EQ,337936,183304,54.24
20,331,DALMIASUG,EQ,138830,64271,46.29
20,332,DANGEE,EQ,6783,3476,51.25
20,333,DATAMATICS,EQ,130435,71234,54.61
20,334,DBCORP,EQ,361876,176484,48.77
20,335,DBL,EQ,339983,199087,58.56
20,336,DBREALTY,EQ,2527884,1150938,45.53
20,337,DBSTOCKBRO,EQ,28845,12143,42.10
20,338,DCAL,EQ,864081,377591,43.70
20,339,DCBBANK,EQ,2098180,1641505,78.23
20,340,DCM,EQ,10519,10519,100.00
20,341,DCMNVL,EQ,281284,152979,54.39
20,342,DCMSHRIRAM,EQ,87324,54443,62.35
20,343,DCW,EQ,1422298,696364,48.96
20,344,DECCANCE,EQ,328332,111392,33.93
20,345,DEEPAKNTR,EQ,3375983,436322,12.92
20,346,DEEPINDS,EQ,447390,169606,37.91
20,347,DELTACORP,EQ,702485,362192,51.56
20,348,DELTAMAGNT,EQ,10796,9211,85.32
20,349,DEN,EQ,2048080,1126013,54.98
20,350,DENORA,EQ,65290,31228,47.83
20,351,DEVIT,SM,3000,1500,50.00
20,352,DFMFOODS,EQ,255615,146014,57.12
20,353,DHAMPURSUG,EQ,288176,138877,48.19
20,354,DHANBANK,EQ,2237032,1161199,51.91
20,355,DHANI,EQ,954864,508580,53.26
20,356,DHANILOANS,N4,235,235,100.00
20,357,DHANILOANS,N6,1205,1205,100.00
20,358,DHANILOANS,N7,47,47,100.00
20,359,DHANILOANS,N8,50,50,100.00
20,360,DHANILOANS,ND,24,24,100.00
20,361,DHANILOANS,NG,49,49,100.00
20,362,DHANIPP,E1,52767,38099,72.20
20,363,DHANUKA,EQ,73035,33637,46.06
20,364,DHUNINV,EQ,5442,3689,67.79
20,365,DIAMONDYD,EQ,26168,8765,33.50
20,366,DICIND,EQ,97913,53322,54.46
20,367,DISHTV,EQ,2566404,1939007,75.55
20,368,DIVISLAB,EQ,530586,229859,43.32
20,369,DIXON,EQ,132467,78851,59.53
20,370,DLF,EQ,14244303,3513379,24.67
20,371,DLINKINDIA,EQ,354225,139984,39.52
20,372,DMART,EQ,224336,101425,45.21
20,373,DNAMEDIA,EQ,143988,120367,83.60
20,374,DODLA,EQ,68530,27126,39.58
20,375,DOLAT,EQ,246098,151168,61.43
20,376,DOLLAR,EQ,1216655,432942,35.58
20,377,DONEAR,EQ,261707,175273,66.97
20,378,DPABHUSHAN,EQ,28237,19607,69.44
20,379,DPSCLTD,EQ,44549,28901,64.87
20,380,DPWIRES,EQ,73909,50436,68.24
20,381,DRCSYSTEMS,EQ,955,651,68.17
20,382,DREDGECORP,EQ,69220,24869,35.93
20,383,DRREDDY,EQ,598261,285876,47.78
20,384,DSML,SM,72000,60000,83.33
20,385,DSSL,EQ,23247,13547,58.27
20,386,DTIL,EQ,25685,17298,67.35
20,387,DVL,EQ,292512,161418,55.18
20,388,DWARKESH,EQ,2524937,1208394,47.86
20,389,DYNAMATECH,EQ,3742,2298,61.41
20,390,DYNPRO,EQ,225732,74969,33.21
20,391,E2E,SM,2000,2000,100.00
20,392,EASEMYTRIP,EQ,5454494,1431240,26.24
20,393,EASTSILK,EQ,19902,19902,100.00
20,394,EBANK,EQ,5,4,80.00
20,395,EBBETF0423,EQ,13353,12468,93.37
20,396,EBBETF0425,EQ,11490,10716,93.26
20,397,EBBETF0430,EQ,13180,13160,99.85
20,398,EBBETF0431,EQ,53954,50893,94.33
20,399,EBIXFOREX,EQ,1874,449,23.96
20,400,EC1RG,MF,1000,1000,100.00
20,401,EC2RD,MF,5000,5000,100.00
20,402,EC2RG,MF,15000,15000,100.00
20,403,ECLFINANCE,NG,88,88,100.00
20,404,ECLFINANCE,NI,110,110,100.00
20,405,ECLFINANCE,NJ,23,23,100.00
20,406,ECLFINANCE,NK,2817,2607,92.55
20,407,ECLFINANCE,NM,109,72,66.06
20,408,ECLFINANCE,NN,90,90,100.00
20,409,ECLFINANCE,NO,75,75,100.00
20,410,ECLFINANCE,NQ,165,165,100.00
20,411,ECLFINANCE,NR,638,535,83.86
20,412,EDELWEISS,EQ,5539531,3033874,54.77
20,413,EHFLNCD,N5,115,105,91.30
20,414,EHFLNCD,N6,10,10,100.00
20,415,EICHERMOT,EQ,678468,304031,44.81
20,416,EIDPARRY,EQ,170410,74859,43.93
20,417,EIFFL,SM,800,800,100.00
20,418,EIHAHOTELS,EQ,12767,4513,35.35
20,419,EIHOTEL,EQ,549464,360210,65.56
20,420,EIMCOELECO,EQ,14313,7759,54.21
20,421,ELECON,EQ,3555622,1499472,42.17
20,422,ELECTCAST,EQ,5010373,2842553,56.73
20,423,ELECTHERM,EQ,18048,9579,53.08
20,424,ELGIEQUIP,EQ,1602728,941499,58.74
20,425,ELGIRUBCO,EQ,175430,111502,63.56
20,426,EMAMILTD,EQ,2099069,1638506,78.06
20,427,EMAMIPAP,EQ,940571,280937,29.87
20,428,EMAMIREAL,EQ,57379,36556,63.71
20,429,EMBASSY,RR,789800,701800,88.86
20,430,EMKAY,EQ,197024,109200,55.42
20,431,EMKAYTOOLS,SM,1200,1200,100.00
20,432,EMMBI,EQ,72516,40077,55.27
20,433,ENDURANCE,EQ,81013,67526,83.35
20,434,ENERGYDEV,EQ,48276,28905,59.87
20,435,ENGINERSIN,EQ,905943,581561,64.19
20,436,ENIL,EQ,190472,108483,56.95
20,437,EPL,EQ,190342,128955,67.75
20,438,EQ30,EQ,387,167,43.15
20,439,EQUITAS,EQ,1985907,1203568,60.61
20,440,EQUITASBNK,EQ,1618725,1285365,79.41
20,441,ERFLNCDI,N5,50,50,100.00
20,442,ERFLNCDI,N6,15,15,100.00
20,443,ERIS,EQ,71724,33040,46.07
20,444,EROSMEDIA,EQ,403501,283584,70.28
20,445,ESABINDIA,EQ,4575,3085,67.43
20,446,ESCORTS,EQ,1945315,891413,45.82
20,447,ESSARSHPNG,EQ,155307,91846,59.14
20,448,ESTER,EQ,304107,162468,53.42
20,449,EVEREADY,EQ,1696880,647536,38.16
20,450,EVERESTIND,EQ,552680,226821,41.04
20,451,EXCELINDUS,EQ,116890,30887,26.42
20,452,EXIDEIND,EQ,5296410,3354432,63.33
20,453,FACT,EQ,212573,77862,36.63
20,454,FAIRCHEMOR,EQ,264302,103827,39.28
20,455,FCL,EQ,1919407,820939,42.77
20,456,FCONSUMER,EQ,4603903,2479128,53.85
20,457,FDC,EQ,126383,62414,49.38
20,458,FEDERALBNK,EQ,19906321,7494904,37.65
20,459,FEL,EQ,1616970,1023636,63.31
20,460,FELDVR,EQ,37604,19337,51.42
20,461,FIEMIND,EQ,27370,13242,48.38
20,462,FIIOF2GP,MF,4125,4125,100.00
20,463,FILATEX,EQ,4652689,985525,21.18
20,464,FILDF2GP,MF,370,370,100.00
20,465,FINCABLES,EQ,424037,358767,84.61
20,466,FINEORG,EQ,39611,14547,36.72
20,467,FINPIPE,EQ,764143,535344,70.06
20,468,FLEXITUFF,EQ,11104,6771,60.98
20,469,FLFL,EQ,153790,71876,46.74
20,470,FLUOROCHEM,EQ,198396,140584,70.86
20,471,FMGOETZE,EQ,218718,40057,18.31
20,472,FMNL,EQ,171727,156016,90.85
20,473,FOCUS,SM,3000,3000,100.00
20,474,FORCEMOT,EQ,139408,25111,18.01
20,475,FORTIS,EQ,1864037,1005163,53.92
20,476,FOSECOIND,EQ,4660,1817,38.99
20,477,FRETAIL,EQ,995834,620036,62.26
20,478,FSC,EQ,125391,65800,52.48
20,479,FSL,EQ,15855435,2949498,18.60
20,480,GABRIEL,EQ,570655,299793,52.53
20,481,GAEL,EQ,795221,305144,38.37
20,482,GAIL,EQ,8907115,4346330,48.80
20,483,GAL,EQ,632522,563479,89.08
20,484,GALAXYSURF,EQ,14089,8004,56.81
20,485,GALLANTT,EQ,176804,113042,63.94
20,486,GALLISPAT,EQ,318768,187673,58.87
20,487,GANDHITUBE,EQ,82595,28820,34.89
20,488,GANECOS,EQ,424734,143285,33.74
20,489,GANESHHOUC,EQ,44508,38098,85.60
20,490,GANGAFORGE,EQ,108219,48175,44.52
20,491,GANGESSECU,EQ,27333,18079,66.14
20,492,GARFIBRES,EQ,12112,6055,49.99
20,493,GATI,EQ,377319,139460,36.96
20,494,GAYAPROJ,EQ,8636582,3279681,37.97
20,495,GEECEE,EQ,13115,8124,61.94
20,496,GEEKAYWIRE,EQ,18196,12118,66.60
20,497,GENCON,EQ,26480,18093,68.33
20,498,GENESYS,EQ,28513,19530,68.50
20,499,GENUSPOWER,EQ,1097948,572287,52.12
20,500,GEOJITFSL,EQ,647729,281904,43.52
20,501,GEPIL,EQ,385625,44375,11.51
20,502,GESHIP,EQ,157042,79982,50.93
20,503,GET&D,EQ,808300,595552,73.68
20,504,GFLLIMITED,EQ,146998,95914,65.25
20,505,GHCL,EQ,258766,161843,62.54
20,506,GICHSGFIN,EQ,324976,138559,42.64
20,507,GICRE,EQ,368761,201147,54.55
20,508,GILLETTE,EQ,5412,3566,65.89
20,509,GINNIFILA,EQ,203897,155832,76.43
20,510,GIPCL,EQ,440007,215302,48.93
20,511,GKWLIMITED,EQ,1926,965,50.10
20,512,GLAND,EQ,136482,83267,61.01
20,513,GLAXO,EQ,654909,106193,16.21
20,514,GLENMARK,EQ,1702042,780382,45.85
20,515,GLFL,EQ,737,737,100.00
20,516,GLOBAL,EQ,9550,6027,63.11
20,517,GLOBALVECT,EQ,61025,33389,54.71
20,518,GMBREW,EQ,32261,18505,57.36
20,519,GMDCLTD,EQ,449733,206046,45.82
20,520,GMMPFAUDLR,EQ,42009,18280,43.51
20,521,GMRINFRA,EQ,17103677,5797608,33.90
20,522,GNA,EQ,108899,49537,45.49
20,523,GNFC,EQ,444512,307231,69.12
20,524,GOACARBON,EQ,76294,64097,84.01
20,525,GOCLCORP,EQ,31340,18211,58.11
20,526,GODFRYPHLP,EQ,21614,11056,51.15
20,527,GODREJAGRO,EQ,689046,145837,21.17
20,528,GODREJCP,EQ,1227353,345325,28.14
20,529,GODREJIND,EQ,1491087,679831,45.59
20,530,GODREJPROP,EQ,4419464,1405126,31.79
20,531,GOKEX,EQ,222826,201131,90.26
20,532,GOKUL,EQ,153015,86347,56.43
20,533,GOKULAGRO,EQ,2046257,1425315,69.65
20,534,GOLDBEES,EQ,2742824,2132691,77.76
20,535,GOLDENTOBC,EQ,72731,60846,83.66
20,536,GOLDIAM,EQ,52916,33461,63.23
20,537,GOLDSHARE,EQ,67107,57859,86.22
20,538,GOLDSTAR,SM,6000,6000,100.00
20,539,GOLDTECH,EQ,83677,47916,57.26
20,540,GOODLUCK,EQ,44917,44917,100.00
20,541,GOODYEAR,EQ,140838,82813,58.80
20,542,GPPL,EQ,1833603,1422322,77.57
20,543,GPTINFRA,EQ,92778,50061,53.96
20,544,GRANULES,EQ,1802387,442330,24.54
20,545,GRAPHITE,EQ,631122,199468,31.61
20,546,GRASIM,EQ,1643947,501373,30.50
20,547,GRAVITA,EQ,414113,253469,61.21
20,548,GREAVESCOT,EQ,2114626,856535,40.51
20,549,GREENLAM,EQ,8613,5402,62.72
20,550,GREENPLY,EQ,1487130,640048,43.04
20,551,GREENPOWER,EQ,6644556,3833138,57.69
20,552,GRINDWELL,EQ,38772,15109,38.97
20,553,GRINFRA,EQ,132034,74003,56.05
20,554,GROBTEA,EQ,4558,617,13.54
20,555,GRPLTD,EQ,7534,6901,91.60
20,556,GRSE,EQ,990084,367571,37.13
20,557,GSCLCEMENT,EQ,738141,412844,55.93
20,558,GSFC,EQ,3903476,1791841,45.90
20,559,GSPL,EQ,573606,240143,41.87
20,560,GSS,EQ,413438,275479,66.63
20,561,GTNTEX,EQ,8545,8373,97.99
20,562,GTPL,EQ,206294,140264,67.99
20,563,GUFICBIO,EQ,478218,296474,62.00
20,564,GUJALKALI,EQ,1920486,599945,31.24
20,565,GUJAPOLLO,EQ,10052,5047,50.21
20,566,GUJGASLTD,EQ,1868275,591339,31.65
20,567,GULFOILLUB,EQ,50255,32341,64.35
20,568,GULFPETRO,EQ,157641,90790,57.59
20,569,HAL,EQ,133239,67428,50.61
20,570,HAPPSTMNDS,EQ,993601,631787,63.59
20,571,HARRMALAYA,EQ,114476,53991,47.16
20,572,HATHWAY,EQ,9369514,3886902,41.48
20,573,HATSUN,EQ,34217,14651,42.82
20,574,HAVELLS,EQ,4940389,1609832,32.59
20,575,HBANKETF,EQ,1511,1409,93.25
20,576,HBLPOWER,EQ,544935,303015,55.61
20,577,HBSL,EQ,4126,4126,100.00
20,578,HCC,EQ,7762058,4385982,56.51
20,579,HCG,EQ,217142,117123,53.94
20,580,HCL-INSYS,EQ,491787,294731,59.93
20,581,HCLTECH,EQ,3359006,2134209,63.54
20,582,HDFC,EQ,5962929,3388217,56.82
20,583,HDFC,W3,196800,139200,70.73
20,584,HDFCAMC,EQ,192754,106199,55.10
20,585,HDFCBANK,EQ,6016560,4182501,69.52
20,586,HDFCLIFE,EQ,2936646,1979675,67.41
20,587,HDFCMFGETF,EQ,343841,247514,71.99
20,588,HDFCNIFETF,EQ,25477,18690,73.36
20,589,HDFCSENETF,EQ,1391,922,66.28
20,590,HEG,EQ,214336,83586,39.00
20,591,HEIDELBERG,EQ,265230,147220,55.51
20,592,HEMIPROP,EQ,892457,398549,44.66
20,593,HEOFRG1126,MF,60010,60000,99.98
20,594,HERANBA,EQ,191619,98568,51.44
20,595,HERCULES,EQ,183136,51248,27.98
20,596,HERITGFOOD,EQ,447021,170376,38.11
20,597,HEROMOTOCO,EQ,530085,158607,29.92
20,598,HESTERBIO,EQ,6597,4477,67.86
20,599,HEXATRADEX,EQ,6403,6403,100.00
20,600,HGINFRA,EQ,839967,310243,36.94
20,601,HIKAL,EQ,368428,168134,45.64
20,602,HIL,EQ,43676,21026,48.14
20,603,HILTON,EQ,77779,62534,80.40
20,604,HINDALCO,EQ,8879300,2252177,25.36
20,605,HINDCOMPOS,EQ,23120,12774,55.25
20,606,HINDCON,EQ,59867,33200,55.46
20,607,HINDCOPPER,EQ,3554755,1366788,38.45
20,608,HINDMOTORS,EQ,334526,274659,82.10
20,609,HINDOILEXP,EQ,18690813,2364862,12.65
20,610,HINDPETRO,EQ,3137309,884627,28.20
20,611,HINDUNILVR,EQ,1733476,1158380,66.82
20,612,HINDZINC,EQ,973957,440502,45.23
20,613,HIRECT,EQ,19740,9549,48.37
20,614,HISARMETAL,EQ,46765,18721,40.03
20,615,HITECH,EQ,191715,112100,58.47
20,616,HITECHCORP,EQ,9266,6053,65.32
20,617,HITECHGEAR,EQ,27165,16749,61.66
20,618,HLEGLAS,EQ,5639,3538,62.74
20,619,HLVLTD,EQ,263295,159665,60.64
20,620,HMVL,EQ,406917,246607,60.60
20,621,HNGSNGBEES,EQ,4074,2892,70.99
20,622,HOMEFIRST,EQ,239371,192639,80.48
20,623,HONAUT,EQ,2843,1767,62.15
20,624,HONDAPOWER,EQ,6789,4848,71.41
20,625,HPL,EQ,136185,96619,70.95
20,626,HSCL,EQ,4847529,1668584,34.42
20,627,HSIL,EQ,190412,92064,48.35
20,628,HTMEDIA,EQ,528219,305508,57.84
20,629,HUBTOWN,EQ,194290,176717,90.96
20,630,HUDCO,EQ,2130204,1096825,51.49
20,631,HUDCO,N2,495,495,100.00
20,632,HUDCO,N3,1893,1645,86.90
20,633,HUDCO,N5,227,227,100.00
20,634,HUDCO,N9,1523,873,57.32
20,635,HUDCO,ND,366,346,94.54
20,636,HUDCO,NE,355,350,98.59
20,637,HUHTAMAKI,EQ,54313,27837,51.25
20,638,IBMFNIFTY,EQ,450,253,56.22
20,639,IBREALEST,EQ,7716695,3475465,45.04
20,640,IBUCCREDIT,N7,40,40,100.00
20,641,IBUCCREDIT,ND,25,25,100.00
20,642,IBULHSGFIN,EQ,12299897,1842597,14.98
20,643,IBULHSGFIN,N6,150,150,100.00
20,644,IBULHSGFIN,N8,25,25,100.00
20,645,IBULHSGFIN,NA,200,173,86.50
20,646,ICEMAKE,EQ,179373,80866,45.08
20,647,ICICI500,EQ,7450,4921,66.05
20,648,ICICIALPLV,EQ,3719,2695,72.47
20,649,ICICIB22,EQ,805605,773388,96.00
20,650,ICICIBANK,EQ,10162609,5180039,50.97
20,651,ICICIBANKN,EQ,9818,7337,74.73
20,652,ICICIBANKP,EQ,4837,4433,91.65
20,653,ICICIGI,EQ,790799,589851,74.59
20,654,ICICIGOLD,EQ,272194,229485,84.31
20,655,ICICILIQ,EQ,63603,57778,90.84
20,656,ICICILOVOL,EQ,78377,75471,96.29
20,657,ICICIM150,EQ,12768,8526,66.78
20,658,ICICIMCAP,EQ,9943,7406,74.48
20,659,ICICINF100,EQ,3769,2623,69.59
20,660,ICICINIFTY,EQ,118709,59610,50.22
20,661,ICICINV20,EQ,13967,8794,62.96
20,662,ICICINXT50,EQ,26932,23131,85.89
20,663,ICICIPHARM,EQ,27740,18305,65.99
20,664,ICICIPRULI,EQ,1322970,582744,44.05
20,665,ICICISENSX,EQ,12863,6320,49.13
20,666,ICICITECH,EQ,12703,11349,89.34
20,667,ICIL,EQ,1880129,551086,29.31
20,668,ICRA,EQ,5842,1806,30.91
20,669,IDBI,EQ,5902331,3221529,54.58
20,670,IDBIGOLD,EQ,38,29,76.32
20,671,IDEA,EQ,839530394,308514547,36.75
20,672,IDFC,EQ,5874151,4204651,71.58
20,673,IDFCFIRSTB,EQ,27378933,8497212,31.04
20,674,IDFCFIRSTB,N9,6,6,100.00
20,675,IDFCFIRSTB,NA,4,4,100.00
20,676,IDFCFIRSTB,NB,16,8,50.00
20,677,IDFCFIRSTB,NC,7,7,100.00
20,678,IDFNIFTYET,EQ,174,168,96.55
20,679,IEX,EQ,1224874,638740,52.15
20,680,IF3GPD,MF,1520,1520,100.00
20,681,IFBAGRO,EQ,26999,17876,66.21
20,682,IFBIND,EQ,38987,21856,56.06
20,683,IFCI,EQ,5757859,2567454,44.59
20,684,IFCI,NF,50,50,100.00
20,685,IFCI,NG,5,5,100.00
20,686,IFCI,NH,716,716,100.00
20,687,IFCI,NL,40,40,100.00
20,688,IFGLEXPOR,EQ,29155,20198,69.28
20,689,IGARASHI,EQ,131407,54567,41.53
20,690,IGL,EQ,1407792,465498,33.07
20,691,IGPL,EQ,115272,72608,62.99
20,692,IIFCL,N4,650,650,100.00
20,693,IIFL,N2,120,60,50.00
20,694,IIFL,N3,100,100,100.00
20,695,IIFL,N4,117,117,100.00
20,696,IIFL,N5,170,170,100.00
20,697,IIFL,N6,170,170,100.00
20,698,IIFL,N7,6876,6876,100.00
20,699,IIFL,N9,14,14,100.00
20,700,IIFL,NC,199,199,100.00
20,701,IIFL,NE,815,790,96.93
20,702,IIFL,NF,765,684,89.41
20,703,IIFL,NG,20,20,100.00
20,704,IIFLSEC,EQ,435246,262095,60.22
20,705,IIFLWAM,EQ,101103,30470,30.14
20,706,IITL,EQ,1016,516,50.79
20,707,IMAGICAA,EQ,79591,67653,85.00
20,708,IMFA,EQ,151940,69363,45.65
20,709,IMPAL,EQ,8862,3634,41.01
20,710,INDBANK,EQ,181989,111455,61.24
20,711,INDHOTEL,EQ,3014573,2141622,71.04
20,712,INDIACEM,EQ,1760863,412580,23.43
20,713,INDIAGLYCO,EQ,484125,159698,32.99
20,714,INDIAMART,EQ,101262,44489,43.93
20,715,INDIANB,EQ,2317460,1261904,54.45
20,716,INDIANHUME,EQ,315824,139405,44.14
20,717,INDIGO,EQ,552933,121611,21.99
20,718,INDIGOPNTS,EQ,16317,8849,54.23
20,719,INDIGRID,IV,68040,51030,75.00
20,720,INDIGRID,NJ,3385,3385,100.00
20,721,INDIGRID,NL,400,200,50.00
20,722,INDLMETER,EQ,25231,19479,77.20
20,723,INDNIPPON,EQ,42592,26833,63.00
20,724,INDOCO,EQ,237469,94767,39.91
20,725,INDOSTAR,EQ,125737,79565,63.28
20,726,INDOTHAI,EQ,86597,45567,52.62
20,727,INDRAMEDCO,EQ,1268795,451418,35.58
20,728,INDSWFTLAB,EQ,1957734,1015583,51.88
20,729,INDSWFTLTD,EQ,1592,1592,100.00
20,730,INDTERRAIN,EQ,115755,72882,62.96
20,731,INDUSINDBK,EQ,4450926,1628334,36.58
20,732,INDUSTOWER,EQ,1992492,817058,41.01
20,733,INEOSSTYRO,EQ,57405,34574,60.23
20,734,INFIBEAM,EQ,12827396,6888189,53.70
20,735,INFRABEES,EQ,1979,1866,94.29
20,736,INFY,EQ,5513668,3887460,70.51
20,737,INGERRAND,EQ,17131,9739,56.85
20,738,INNOVANA,SM,3000,3000,100.00
20,739,INNOVATIVE,SM,3000,3000,100.00
20,740,INOXLEISUR,EQ,1178394,210263,17.84
20,741,INOXWIND,EQ,1031459,679383,65.87
20,742,INSECTICID,EQ,71002,37106,52.26
20,743,INTELLECT,EQ,322365,221337,68.66
20,744,INTENTECH,EQ,207337,173751,83.80
20,745,INVENTURE,EQ,1707350,983973,57.63
20,746,IOB,EQ,19837985,6449707,32.51
20,747,IOC,EQ,10106484,5635179,55.76
20,748,IOLCP,EQ,363142,127028,34.98
20,749,IPCALAB,EQ,67423,32784,48.62
20,750,IPL,EQ,864585,617196,71.39
20,751,IRB,EQ,4967480,1358868,27.36
20,752,IRBINVIT,IV,265000,232500,87.74
20,753,IRCON,EQ,1634465,847525,51.85
20,754,IRCTC,EQ,1719629,437115,25.42
20,755,IREDA,N5,30,30,100.00
20,756,IREDA,N6,191,191,100.00
20,757,IREDA,N7,700,400,57.14
20,758,IRFC,EQ,11062324,4251014,38.43
20,759,IRFC,N1,2932,1521,51.88
20,760,IRFC,N2,222,221,99.55
20,761,IRFC,N4,50,50,100.00
20,762,IRFC,N7,1,1,100.00
20,763,IRFC,N9,585,316,54.02
20,764,IRFC,NA,60,60,100.00
20,765,IRFC,ND,700,350,50.00
20,766,IRFC,NE,279,278,99.64
20,767,IRFC,NI,16,16,100.00
20,768,IRFC,NJ,150,150,100.00
20,769,IRFC,NK,110,90,81.82
20,770,IRFC,NN,115,115,100.00
20,771,IRFC,NO,3279,3269,99.70
20,772,ISEC,EQ,400982,172937,43.13
20,773,ISFT,EQ,47146,41657,88.36
20,774,ISGEC,EQ,302518,149319,49.36
20,775,ITC,EQ,18468527,8449335,45.75
20,776,ITDC,EQ,38834,11934,30.73
20,777,ITDCEM,EQ,492577,235145,47.74
20,778,ITI,EQ,658504,190013,28.86
20,779,IVC,EQ,3176597,1724440,54.29
20,780,IVP,EQ,7119,4319,60.67
20,781,IVZINGOLD,EQ,28,20,71.43
20,782,IVZINNIFTY,EQ,5,2,40.00
20,783,IZMO,EQ,412952,221503,53.64
20,784,JAGRAN,EQ,641058,293119,45.72
20,785,JAGSNPHARM,EQ,294619,153495,52.10
20,786,JAIBALAJI,EQ,242304,190285,78.53
20,787,JAICORPLTD,EQ,1754392,742602,42.33
20,788,JALAN,SM,18000,18000,100.00
20,789,JAMNAAUTO,EQ,1104662,685032,62.01
20,790,JASH,EQ,106126,76959,72.52
20,791,JAYAGROGN,EQ,137645,45114,32.78
20,792,JAYBARMARU,EQ,84274,34268,40.66
20,793,JAYSREETEA,EQ,404781,90780,22.43
20,794,JBCHEPHARM,EQ,134180,85463,63.69
20,795,JBMA,EQ,100390,50233,50.04
20,796,JCHAC,EQ,14390,6712,46.64
20,797,JHS,EQ,138007,98639,71.47
20,798,JINDALPHOT,EQ,3804,2722,71.56
20,799,JINDALPOLY,EQ,637614,174350,27.34
20,800,JINDALSAW,EQ,2482235,938662,37.82
20,801,JINDALSTEL,EQ,7230759,843389,11.66
20,802,JINDRILL,EQ,319609,135960,42.54
20,803,JINDWORLD,EQ,411168,96928,23.57
20,804,JISLDVREQS,EQ,67585,47848,70.80
20,805,JISLJALEQS,EQ,6553370,3432002,52.37
20,806,J&KBANK,EQ,2798218,1371811,49.02
20,807,JKCEMENT,EQ,26343,14038,53.29
20,808,JKIL,EQ,286932,119598,41.68
20,809,JKLAKSHMI,EQ,466655,188244,40.34
20,810,JKPAPER,EQ,1192568,273613,22.94
20,811,JKTYRE,EQ,15882121,3434592,21.63
20,812,JMA,EQ,127253,96381,75.74
20,813,JMCPROJECT,EQ,531424,231597,43.58
20,814,JMFINANCIL,EQ,3402134,1244062,36.57
20,815,JMTAUTOLTD,EQ,1328847,959697,72.22
20,816,JOCIL,EQ,95690,34916,36.49
20,817,JPINFRATEC,EQ,14059157,6395027,45.49
20,818,JPPOWER,EQ,36421401,16184135,44.44
20,819,JSL,EQ,1474123,541195,36.71
20,820,JSLHISAR,EQ,654768,227695,34.77
20,821,JSWHL,EQ,2035,485,23.83
20,822,JSWSTEEL,EQ,6939253,1701317,24.52
20,823,JTEKTINDIA,EQ,10206470,1368691,13.41
20,824,JUBLFOOD,EQ,625047,187849,30.05
20,825,JUBLINDS,EQ,65709,39296,59.80
20,826,JUBLINGREA,EQ,1170426,745788,63.72
20,827,JUBLPHARMA,EQ,189534,128949,68.03
20,828,JUMPNET,EQ,584969,369678,63.20
20,829,JUNIORBEES,EQ,78326,46517,59.39
20,830,JUSTDIAL,EQ,786241,464541,59.08
20,831,JYOTHYLAB,EQ,926700,450303,48.59
20,832,KABRAEXTRU,EQ,109777,51996,47.37
20,833,KAJARIACER,EQ,721678,288234,39.94
20,834,KAKATCEM,EQ,861582,205708,23.88
20,835,KALPATPOWR,EQ,573792,167038,29.11
20,836,KALYANKJIL,EQ,4097464,1654638,40.38
20,837,KAMATHOTEL,EQ,299141,88887,29.71
20,838,KAMDHENU,EQ,296457,120426,40.62
20,839,KANORICHEM,EQ,41703,29476,70.68
20,840,KANPRPLA,EQ,42137,27298,64.78
20,841,KANSAINER,EQ,1564655,1427613,91.24
20,842,KARMAENG,EQ,17540,14193,80.92
20,843,KARURVYSYA,EQ,1273334,801637,62.96
20,844,KAUSHALYA,EQ,16480,16480,100.00
20,845,KAVVERITEL,EQ,3602,3602,100.00
20,846,KAYA,EQ,67673,37149,54.89
20,847,KCP,EQ,623452,370777,59.47
20,848,KCPSUGIND,EQ,384993,208385,54.13
20,849,KDDL,EQ,21641,12417,57.38
20,850,KEC,EQ,191408,113933,59.52
20,851,KECL,EQ,188647,142379,75.47
20,852,KEERTI,EQ,17139,8994,52.48
20,853,KEI,EQ,643612,213153,33.12
20,854,KELLTONTEC,EQ,1110917,461989,41.59
20,855,KENNAMET,EQ,6897,3666,53.15
20,856,KESORAMIND,EQ,5166579,2144898,41.51
20,857,KEYFINSERV,EQ,8216,4255,51.79
20,858,KHADIM,EQ,81262,37525,46.18
20,859,KHAICHEM,EQ,344486,253375,73.55
20,860,KHANDSE,EQ,14212,14212,100.00
20,861,KICL,EQ,6688,4225,63.17
20,862,KILITCH,EQ,30357,21495,70.81
20,863,KIMS,EQ,720269,393843,54.68
20,864,KINGFA,EQ,5405,4338,80.26
20,865,KIOCL,EQ,115662,50999,44.09
20,866,KIRIINDUS,EQ,2234972,94187,4.21
20,867,KIRLFER,EQ,470408,300209,63.82
20,868,KIRLOSENG,EQ,170009,101287,59.58
20,869,KIRLOSIND,EQ,82708,69355,83.86
20,870,KITEX,EQ,229205,123090,53.70
20,871,KKCL,EQ,5357,3814,71.20
20,872,KKVAPOW,SM,250,250,100.00
20,873,KMSUGAR,EQ,464938,264476,56.88
20,874,KNRCON,EQ,728384,387371,53.18
20,875,KOKUYOCMLN,EQ,544934,233772,42.90
20,876,KOLTEPATIL,EQ,3254395,1037358,31.88
20,877,KOTAKBANK,EQ,3230140,1951715,60.42
20,878,KOTAKBKETF,EQ,88222,29215,33.12
20,879,KOTAKGOLD,EQ,346600,254595,73.45
20,880,KOTAKIT,EQ,6637,6043,91.05
20,881,KOTAKNIFTY,EQ,24222,16637,68.69
20,882,KOTAKNV20,EQ,6589,4975,75.50
20,883,KOTAKPSUBK,EQ,15637,13417,85.80
20,884,KOTARISUG,EQ,139833,91288,65.28
20,885,KOTHARIPET,EQ,4987998,1737833,34.84
20,886,KPIGLOBAL,EQ,33877,33877,100.00
20,887,KPITTECH,EQ,1994777,1226790,61.50
20,888,KPRMILL,EQ,74417,51072,68.63
20,889,KRBL,EQ,414418,241111,58.18
20,890,KREBSBIO,EQ,63308,35155,55.53
20,891,KRIDHANINF,EQ,237846,184660,77.64
20,892,KRISHANA,EQ,17528,12725,72.60
20,893,KSB,EQ,56929,14373,25.25
20,894,KSCL,EQ,430805,145238,33.71
20,895,KSHITIJPOL,SM,52000,20000,38.46
20,896,KSL,EQ,226981,81327,35.83
20,897,KSOLVES,SM,86000,60800,70.70
20,898,KTKBANK,EQ,2103207,673117,32.00
20,899,KUANTUM,EQ,203120,91201,44.90
20,900,LAGNAM,SM,216000,162000,75.00
20,901,LALPATHLAB,EQ,1034613,146088,14.12
20,902,LAOPALA,EQ,4647956,541633,11.65
20,903,LASA,EQ,371970,169559,45.58
20,904,LAURUSLABS,EQ,1919695,920249,47.94
20,905,LAXMICOT,SM,72000,48000,66.67
20,906,LAXMIMACH,EQ,9088,4551,50.08
20,907,LCCINFOTEC,EQ,61706,61706,100.00
20,908,LEMONTREE,EQ,4060032,1415428,34.86
20,909,LFIC,EQ,32496,13777,42.40
20,910,LGBBROSLTD,EQ,206554,83862,40.60
20,911,LIBAS,EQ,449157,192846,42.94
20,912,LIBERTSHOE,EQ,234076,55724,23.81
20,913,LICHSGFIN,EQ,3660503,1671362,45.66
20,914,LICNETFGSC,EQ,1634,1118,68.42
20,915,LICNETFN50,EQ,5508,4751,86.26
20,916,LICNETFSEN,EQ,107,69,64.49
20,917,LICNFNHGP,EQ,347,332,95.68
20,918,LIKHITHA,EQ,148396,49410,33.30
20,919,LINCOLN,EQ,78869,30244,38.35
20,920,LINCPEN,EQ,14600,11741,80.42
20,921,LINDEINDIA,EQ,55358,25458,45.99
20,922,LIQUIDBEES,EQ,756946,590502,78.01
20,923,LIQUIDETF,EQ,22029,12795,58.08
20,924,LODHA,EQ,420666,211309,50.23
20,925,LOKESHMACH,EQ,17062,11191,65.59
20,926,LOVABLE,EQ,67907,35148,51.76
20,927,LT,EQ,1777140,805500,45.33
20,928,L&TFH,EQ,5101761,1863269,36.52
20,929,L&TFINANCE,N8,431,431,100.00
20,930,L&TFINANCE,NA,10,10,100.00
20,931,L&TFINANCE,NE,13,13,100.00
20,932,L&TFINANCE,NG,1,1,100.00
20,933,L&TFINANCE,NI,8,8,100.00
20,934,L&TFINANCE,NK,4,2,50.00
20,935,L&TFINANCE,NO,102,102,100.00
20,936,L&TFINANCE,NU,3,1,33.33
20,937,L&TFINANCE,NY,60,30,50.00
20,938,L&TFINANCE,Y1,846,846,100.00
20,939,L&TFINANCE,Y3,75,75,100.00
20,940,L&TFINANCE,Y5,356,356,100.00
20,941,L&TFINANCE,Y7,20,20,100.00
20,942,LTI,EQ,205148,90804,44.26
20,943,LTTS,EQ,121770,51829,42.56
20,944,LUMAXIND,EQ,13977,8576,61.36
20,945,LUMAXTECH,EQ,65483,34592,52.83
20,946,LUPIN,EQ,1528382,558329,36.53
20,947,LUXIND,EQ,38484,12089,31.41
20,948,LXCHEM,EQ,3096699,1220428,39.41
20,949,LYKALABS,EQ,473354,334785,70.73
20,950,LYPSAGEMS,EQ,37964,31164,82.09
20,951,M17RG,MF,300,300,100.00
20,952,MACPOWER,EQ,66060,45457,68.81
20,953,MADHAV,EQ,192199,129740,67.50
20,954,MADHUCON,EQ,28101,22414,79.76
20,955,MADRASFERT,EQ,241276,127495,52.84
20,956,MAESGETF,EQ,18251,16909,92.65
20,957,MAFANG,EQ,241638,202421,83.77
20,958,MAGADSUGAR,EQ,60226,40383,67.05
20,959,MAHABANK,EQ,4071101,2151370,52.84
20,960,MAHASTEEL,EQ,47602,25274,53.09
20,961,MAHEPC,EQ,109510,53249,48.62
20,962,MAHESHWARI,EQ,732251,280881,38.36
20,963,MAHINDCIE,EQ,192446,83066,43.16
20,964,MAHLIFE,EQ,76281,45215,59.27
20,965,MAHLOG,EQ,415805,168718,40.58
20,966,MAHSCOOTER,EQ,11216,5633,50.22
20,967,MAHSEAMLES,EQ,75619,41780,55.25
20,968,MAITHANALL,EQ,232312,98621,42.45
20,969,MAJESCO,EQ,154772,101072,65.30
20,970,MALUPAPER,EQ,94421,30788,32.61
20,971,MAN50ETF,EQ,14456,14247,98.55
20,972,MANAKALUCO,EQ,115853,91869,79.30
20,973,MANAKCOAT,EQ,17933,14126,78.77
20,974,MANAKSIA,EQ,95678,59836,62.54
20,975,MANAKSTEEL,EQ,226058,153324,67.83
20,976,MANAPPURAM,EQ,3336021,1185583,35.54
20,977,MANAV,SM,4000,4000,100.00
20,978,MANGALAM,EQ,246319,106045,43.05
20,979,MANGCHEFER,EQ,1681638,926761,55.11
20,980,MANGLMCEM,EQ,612841,146893,23.97
20,981,MANINDS,EQ,513596,269867,52.54
20,982,MANINFRA,EQ,443945,327362,73.74
20,983,MANUGRAPH,EQ,25147,18755,74.58
20,984,MANXT50,EQ,1890,1884,99.68
20,985,MARALOVER,EQ,24954,24954,100.00
20,986,MARATHON,EQ,143219,69074,48.23
20,987,MARICO,EQ,2963445,1520746,51.32
20,988,MARINE,EQ,1614250,747564,46.31
20,989,MARKSANS,EQ,1423303,590868,41.51
20,990,MARSHALL,SM,12000,12000,100.00
20,991,MARUTI,EQ,470570,197209,41.91
20,992,MASFIN,EQ,15642,9988,63.85
20,993,MASTEK,EQ,113732,71779,63.11
20,994,MATRIMONY,EQ,43536,28247,64.88
20,995,MAXHEALTH,EQ,843604,546931,64.83
20,996,MAXIND,EQ,194367,96543,49.67
20,997,MAXVIL,EQ,832179,388420,46.68
20,998,MAYURUNIQ,EQ,53759,28173,52.41
20,999,MAZDA,EQ,6649,3958,59.53
20,1000,MAZDOCK,EQ,506858,201644,39.78
20,1001,MBAPL,EQ,4667,2716,58.20
20,1002,MBLINFRA,EQ,79554,54404,68.39
20,1003,MCDHOLDING,EQ,47022,29634,63.02
20,1004,MCDOWELL-N,EQ,1614724,417522,25.86
20,1005,MCL,EQ,281674,157239,55.82
20,1006,MCLEODRUSS,EQ,720060,414294,57.54
20,1007,MCX,EQ,182279,85478,46.89
20,1008,MENONBE,EQ,504861,253050,50.12
20,1009,MEP,EQ,127980,84011,65.64
20,1010,METROPOLIS,EQ,213365,39648,18.58
20,1011,MFSL,EQ,895538,416925,46.56
20,1012,MGEL,EQ,20215,16226,80.27
20,1013,MGL,EQ,310895,92815,29.85
20,1014,MHHL,SM,24000,21000,87.50
20,1015,MHRIL,EQ,275129,119774,43.53
20,1016,MIDHANI,EQ,271861,143632,52.83
20,1017,MINDACORP,EQ,890175,267445,30.04
20,1018,MINDAIND,EQ,1826356,676771,37.06
20,1019,MINDSPACE,RR,357000,304800,85.38
20,1020,MINDTECK,EQ,133828,86000,64.26
20,1021,MINDTREE,EQ,301517,94080,31.20
20,1022,MIRZAINT,EQ,1145778,579920,50.61
20,1023,MITCON,SM,54000,54000,100.00
20,1024,MITTAL,EQ,58556,44490,75.98
20,1025,M&M,EQ,3235393,1878604,58.06
20,1026,M&MFIN,EQ,6800465,3477347,51.13
20,1027,M&MFIN,N1,145,145,100.00
20,1028,MMFL,EQ,68892,36139,52.46
20,1029,MMP,EQ,391336,160232,40.94
20,1030,MMTC,EQ,1980128,569469,28.76
20,1031,MODISNME,EQ,393445,207377,52.71
20,1032,MOGSEC,EQ,3107,3092,99.52
20,1033,MOIL,EQ,376999,115691,30.69
20,1034,MOKSH,EQ,638822,401022,62.78
20,1035,MOLDTEKPP,E1,7818,2622,33.54
20,1036,MOLDTKPAC,EQ,414669,143062,34.50
20,1037,MOLDTKPAC,W1,81,61,75.31
20,1038,MOM100,EQ,120530,94164,78.12
20,1039,MOM50,EQ,4090,4006,97.95
20,1040,MON100,EQ,490398,381236,77.74
20,1041,MONTECARLO,EQ,71388,37619,52.70
20,1042,MORARJEE,EQ,31598,19356,61.26
20,1043,MOREPENLAB,EQ,2048764,1334075,65.12
20,1044,MOTHERSUMI,EQ,4094895,2016529,49.24
20,1045,MOTILALOFS,EQ,1214917,451315,37.15
20,1046,MOTOGENFIN,EQ,134944,126999,94.11
20,1047,MPHASIS,EQ,1158111,257264,22.21
20,1048,MPSLTD,EQ,25504,14551,57.05
20,1049,MRF,EQ,5106,1528,29.93
20,1050,MRO-TEK,EQ,4632,2116,45.68
20,1051,MRPL,EQ,1546924,854527,55.24
20,1052,MSPL,EQ,770236,513480,66.67
20,1053,MSTCLTD,EQ,855593,241984,28.28
20,1054,MTARTECH,EQ,114710,57844,50.43
20,1055,MTEDUCARE,EQ,325292,208528,64.10
20,1056,MTNL,EQ,617440,437725,70.89
20,1057,MUKANDLTD,P1,305,298,97.70
20,1058,MUKTAARTS,EQ,19041,14610,76.73
20,1059,MUNJALAU,EQ,2663484,1088877,40.88
20,1060,MUNJALSHOW,EQ,310111,160427,51.73
20,1061,MURUDCERA,EQ,236720,143330,60.55
20,1062,MUTHOOTCAP,EQ,77104,42442,55.05
20,1063,MUTHOOTFIN,EQ,483169,161510,33.43
20,1064,NABARD,N2,1311,1160,88.48
20,1065,NACLIND,EQ,299858,219337,73.15
20,1066,NAGREEKCAP,EQ,3238,3238,100.00
20,1067,NAGREEKEXP,EQ,17379,17379,100.00
20,1068,NAHARCAP,EQ,536802,196771,36.66
20,1069,NAHARPOLY,EQ,845517,269243,31.84
20,1070,NAM-INDIA,EQ,1034088,542875,52.50
20,1071,NANDANI,SM,25000,25000,100.00
20,1072,NATCOPHARM,EQ,218895,154137,70.42
20,1073,NATHBIOGEN,EQ,101270,46704,46.12
20,1074,NATIONALUM,EQ,27024198,7370509,27.27
20,1075,NAUKRI,EQ,290175,114490,39.46
20,1076,NAVINFLUOR,EQ,211324,41017,19.41
20,1077,NAVKARCORP,EQ,590238,316347,53.60
20,1078,NAVNETEDUL,EQ,501616,256697,51.17
20,1079,NAZARA,EQ,115190,50502,43.84
20,1080,NBCC,EQ,4332387,2024105,46.72
20,1081,NBIFIN,EQ,296,124,41.89
20,1082,NBVENTURES,EQ,2735941,1261507,46.11
20,1083,NCC,EQ,5627223,2278775,40.50
20,1084,NCLIND,EQ,1091257,481371,44.11
20,1085,NCPSESDL24,EQ,17748,16268,91.66
20,1086,NDL,EQ,336028,192380,57.25
20,1087,NDTV,EQ,125448,99251,79.12
20,1088,NECCLTD,EQ,239919,126323,52.65
20,1089,NECLIFE,EQ,732896,501160,68.38
20,1090,NELCAST,EQ,274063,168807,61.59
20,1091,NELCO,EQ,301570,140988,46.75
20,1092,NEOGEN,EQ,28504,15006,52.65
20,1093,NESCO,EQ,116456,43129,37.03
20,1094,NESTLEIND,EQ,63128,28590,45.29
20,1095,NETF,EQ,691,668,96.67
20,1096,NETFCONSUM,EQ,8441,6197,73.42
20,1097,NETFDIVOPP,EQ,4421,2385,53.95
20,1098,NETFIT,EQ,323818,237396,73.31
20,1099,NETFLTGILT,EQ,12033,11606,96.45
20,1100,NETFMID150,EQ,72095,54119,75.07
20,1101,NETFNIF100,EQ,1112,739,66.46
20,1102,NETFNV20,EQ,11971,10101,84.38
20,1103,NETFPHARMA,EQ,202730,156114,77.01
20,1104,NETFSDL26,EQ,120245,120099,99.88
20,1105,NETWORK18,EQ,1370761,625040,45.60
20,1106,NEXTMEDIA,EQ,14698,11508,78.30
20,1107,NFL,EQ,1059380,308509,29.12
20,1108,NH,EQ,122842,49549,40.34
20,1109,NHAI,N1,2272,2072,91.20
20,1110,NHAI,N2,2116,2115,99.95
20,1111,NHAI,N4,300,150,50.00
20,1112,NHAI,N6,3111,1855,59.63
20,1113,NHAI,N8,408,408,100.00
20,1114,NHAI,NA,215,210,97.67
20,1115,NHAI,ND,1488,1488,100.00
20,1116,NHAI,NE,758,757,99.87
20,1117,NHBTF2014,N6,207,134,64.73
20,1118,NHBTF2023,N7,41,41,100.00
20,1119,NHPC,EQ,6380683,4123049,64.62
20,1120,NHPC,N4,21,21,100.00
20,1121,NHPC,N6,2,1,50.00
20,1122,NIACL,EQ,297292,166927,56.15
20,1123,NIBL,EQ,11327,9576,84.54
20,1124,NIFTYBEES,EQ,1725861,1338288,77.54
20,1125,NIFTYEES,EQ,3,2,66.67
20,1126,NIITLTD,EQ,1088927,431289,39.61
20,1127,NILAINFRA,EQ,4219099,2300103,54.52
20,1128,NILKAMAL,EQ,140333,35632,25.39
20,1129,NIPPOBATRY,EQ,102934,18022,17.51
20,1130,NIRAJ,EQ,97281,50170,51.57
20,1131,NITCO,EQ,75399,52422,69.53
20,1132,NITINSPIN,EQ,5256909,2436319,46.35
20,1133,NITIRAJ,EQ,432,367,84.95
20,1134,NKIND,EQ,1521,1286,84.55
20,1135,NLCINDIA,EQ,1169379,465390,39.80
20,1136,NMDC,EQ,10832085,3193295,29.48
20,1137,NOCIL,EQ,11188571,1879762,16.80
20,1138,NOIDATOLL,EQ,59469,38139,64.13
20,1139,NORBTEAEXP,EQ,2359,2359,100.00
20,1140,NOVARTIND,EQ,25672,11493,44.77
20,1141,NPBET,EQ,518,407,78.57
20,1142,NRAIL,EQ,68905,36954,53.63
20,1143,NRBBEARING,EQ,192641,113588,58.96
20,1144,NSIL,EQ,2888,1761,60.98
20,1145,NTL,EQ,17763,17763,100.00
20,1146,NTPC,EQ,21122697,13313256,63.03
20,1147,NTPC,N3,10,10,100.00
20,1148,NTPC,N4,80,80,100.00
20,1149,NTPC,N5,1,1,100.00
20,1150,NTPC,N6,53,53,100.00
20,1151,NTPC,N7,41756,40238,96.36
20,1152,NTPC,NA,75,75,100.00
20,1153,NTPC,ND,114,107,93.86
20,1154,NUCLEUS,EQ,58898,33107,56.21
20,1155,NURECA,EQ,2334,2334,100.00
20,1156,NXTDIGITAL,EQ,5092,2602,51.10
20,1157,OAL,EQ,20275,12386,61.09
20,1158,OBEROIRLTY,EQ,760144,243227,32.00
20,1159,OCCL,EQ,60605,20750,34.24
20,1160,OFSS,EQ,95784,51317,53.58
20,1161,OIL,EQ,758628,515886,68.00
20,1162,OMAXE,EQ,157991,86884,54.99
20,1163,OMINFRAL,EQ,204928,96772,47.22
20,1164,OMKARCHEM,EQ,34205,34194,99.97
20,1165,ONELIFECAP,EQ,5951,5951,100.00
20,1166,ONGC,EQ,15163353,8753578,57.73
20,1167,ONMOBILE,EQ,1269073,612579,48.27
20,1168,ONWARDTEC,EQ,49821,29525,59.26
20,1169,ORBTEXP,EQ,330849,121055,36.59
20,1170,ORICONENT,EQ,261026,194100,74.36
20,1171,ORIENTABRA,EQ,220730,103784,47.02
20,1172,ORIENTALTL,EQ,89166,61187,68.62
20,1173,ORIENTBELL,EQ,37879,23845,62.95
20,1174,ORIENTCEM,EQ,3837550,1867864,48.67
20,1175,ORIENTELEC,EQ,579681,385982,66.59
20,1176,ORIENTHOT,EQ,116289,77491,66.64
20,1177,ORIENTLTD,EQ,34971,29830,85.30
20,1178,ORIENTPPR,EQ,8160269,4207902,51.57
20,1179,ORISSAMINE,EQ,9156,5383,58.79
20,1180,ORTINLAB,EQ,69259,37789,54.56
20,1181,OSIAHYPER,SM,400,400,100.00
20,1182,OSWALAGRO,EQ,128928,107946,83.73
20,1183,OSWALSEEDS,SM,4000,4000,100.00
20,1184,PAGEIND,EQ,18652,6004,32.19
20,1185,PAISALO,EQ,68265,42106,61.68
20,1186,PALASHSECU,EQ,7988,4855,60.78
20,1187,PALREDTEC,EQ,9868,7473,75.73
20,1188,PANACEABIO,EQ,54854,29032,52.93
20,1189,PANAMAPET,EQ,1814904,690592,38.05
20,1190,PAR,SM,12000,10000,83.33
20,1191,PARAGMILK,EQ,444932,257101,57.78
20,1192,PARSVNATH,EQ,716958,512173,71.44
20,1193,PARTYCRUS,SM,12000,10000,83.33
20,1194,PASHUPATI,SM,1600,1600,100.00
20,1195,PATELENG,EQ,3436221,2385821,69.43
20,1196,PATINTLOG,EQ,133855,79959,59.74
20,1197,PATSPINLTD,EQ,52080,43080,82.72
20,1198,PAVNAIND,SM,1600,1600,100.00
20,1199,PCHFL,N2,50,50,100.00
20,1200,PCHFL,N4,200,200,100.00
20,1201,PCHFL,N6,369,359,97.29
20,1202,PCHFL,NA,102,102,100.00
20,1203,PCJEWELLER,EQ,2412531,919790,38.13
20,1204,PDMJEPAPER,EQ,344164,129986,37.77
20,1205,PDSMFL,EQ,45493,15762,34.65
20,1206,PEARLPOLY,EQ,29036,27420,94.43
20,1207,PEL,EQ,1090115,276493,25.36
20,1208,PENIND,EQ,2531014,1198312,47.35
20,1209,PERFECT,SM,12000,6000,50.00
20,1210,PERSISTENT,EQ,122500,63863,52.13
20,1211,PETRONET,EQ,2989111,1710135,57.21
20,1212,PFC,EQ,5828205,2120100,36.38
20,1213,PFC,N3,50,50,100.00
20,1214,PFC,N4,956,956,100.00
20,1215,PFC,N8,201,176,87.56
20,1216,PFIZER,EQ,55926,11888,21.26
20,1217,PFOCUS,EQ,40090,18075,45.09
20,1218,PFS,EQ,1819524,1041938,57.26
20,1219,PGEL,EQ,34732,26131,75.24
20,1220,PGHH,EQ,6768,5061,74.78
20,1221,PGHL,EQ,7003,4792,68.43
20,1222,PGIL,EQ,208189,70387,33.81
20,1223,PGINVIT,IV,666100,602000,90.38
20,1224,PHILIPCARB,EQ,1455673,556179,38.21
20,1225,PHOENIXLTD,EQ,131096,54090,41.26
20,1226,PIDILITIND,EQ,721816,419705,58.15
20,1227,PIGL,SM,4000,4000,100.00
20,1228,PIIND,EQ,1208713,284313,23.52
20,1229,PILANIINVS,EQ,3662,2843,77.64
20,1230,PILITA,EQ,1971569,1063751,53.95
20,1231,PIONDIST,EQ,13139,7311,55.64
20,1232,PIONEEREMB,EQ,1943116,788319,40.57
20,1233,PITTIENG,EQ,340147,202568,59.55
20,1234,PLASTIBLEN,EQ,41013,26276,64.07
20,1235,PNB,EQ,100994147,24810366,24.57
20,1236,PNBGILTS,EQ,151700,101763,67.08
20,1237,PNC,EQ,110977,49733,44.81
20,1238,PNCINFRA,EQ,199379,76311,38.27
20,1239,PODDARHOUS,EQ,8404,6271,74.62
20,1240,PODDARMENT,EQ,79399,33921,42.72
20,1241,POKARNA,EQ,479184,230265,48.05
20,1242,POLYCAB,EQ,146154,85231,58.32
20,1243,POLYMED,EQ,85388,47529,55.66
20,1244,POLYPLEX,EQ,138243,63585,46.00
20,1245,POWERGRID,EQ,15719577,9648438,61.38
20,1246,POWERINDIA,EQ,219026,44982,20.54
20,1247,POWERMECH,EQ,49497,29638,59.88
20,1248,PPAP,EQ,108082,48854,45.20
20,1249,PPL,EQ,179842,116069,64.54
20,1250,PRAKASH,EQ,1200511,692632,57.69
20,1251,PRAKASHSTL,EQ,104036,104036,100.00
20,1252,PRAXIS,EQ,25935,21830,84.17
20,1253,PRECAM,EQ,398989,257526,64.54
20,1254,PRECOT,EQ,15782,13709,86.86
20,1255,PRECWIRE,EQ,52446,36170,68.97
20,1256,PREMIER,EQ,10602,6285,59.28
20,1257,PREMIERPOL,EQ,81942,49789,60.76
20,1258,PRESSMN,EQ,288266,162739,56.45
20,1259,PRESTIGE,EQ,4456572,1903692,42.72
20,1260,PRICOLLTD,EQ,1213650,496184,40.88
20,1261,PRIMESECU,EQ,142468,69926,49.08
20,1262,PRINCEPIPE,EQ,754651,303010,40.15
20,1263,PRITI,SM,1600,1600,100.00
20,1264,PRIVISCL,EQ,424541,84716,19.95
20,1265,PROZONINTU,EQ,1400816,434719,31.03
20,1266,PRSMJOHNSN,EQ,516591,348154,67.39
20,1267,PSB,EQ,523526,346458,66.18
20,1268,PSPPROJECT,EQ,128213,38055,29.68
20,1269,PSUBNKBEES,EQ,14784648,12187782,82.44
20,1270,PTC,EQ,530957,400429,75.42
20,1271,PTL,EQ,67570,42108,62.32
20,1272,PUNJABCHEM,EQ,12690,6804,53.62
20,1273,PURVA,EQ,824020,327477,39.74
20,1274,PVP,EQ,34997,34997,100.00
20,1275,PVR,EQ,932624,230330,24.70
20,1276,QGOLDHALF,EQ,912,757,83.00
20,1277,QNIFTY,EQ,34,27,79.41
20,1278,QUESS,EQ,282869,124583,44.04
20,1279,QUICKHEAL,EQ,957544,205493,21.46
20,1280,RADICO,EQ,319157,112314,35.19
20,1281,RADIOCITY,EQ,484602,328876,67.87
20,1282,RAILTEL,EQ,592436,309053,52.17
20,1283,RAIN,EQ,4107908,1817757,44.25
20,1284,RAJESHEXPO,EQ,194365,103707,53.36
20,1285,RAJSREESUG,EQ,36749,24273,66.05
20,1286,RALLIS,EQ,357935,206053,57.57
20,1287,RAMANEWS,EQ,423356,210689,49.77
20,1288,RAMCOCEM,EQ,503432,87483,17.38
20,1289,RAMCOIND,EQ,125709,66479,52.88
20,1290,RAMCOSYS,EQ,196947,112969,57.36
20,1291,RANEENGINE,EQ,38308,12555,32.77
20,1292,RANEHOLDIN,EQ,87910,40095,45.61
20,1293,RATNAMANI,EQ,17521,7441,42.47
20,1294,RAYMOND,EQ,687411,186797,27.17
20,1295,RBL,EQ,23162,3894,16.81
20,1296,RBLBANK,EQ,25973100,10414323,40.10
20,1297,RCF,EQ,3405350,1340442,39.36
20,1298,RCOM,EQ,46548429,22512929,48.36
20,1299,RECLTD,EQ,2600675,858919,33.03
20,1300,RECLTD,N1,10,10,100.00
20,1301,RECLTD,N6,5251,5120,97.51
20,1302,RECLTD,N8,250,250,100.00
20,1303,RECLTD,NA,122,122,100.00
20,1304,RECLTD,NF,100,100,100.00
20,1305,RECLTD,NH,264,264,100.00
20,1306,RECLTD,NI,921,921,100.00
20,1307,REDINGTON,EQ,799435,635519,79.50
20,1308,REFEX,EQ,242332,125770,51.90
20,1309,RELAXO,EQ,205557,62561,30.43
20,1310,RELCAPITAL,EQ,1453423,924441,63.60
20,1311,RELIABLE,SM,4800,4800,100.00
20,1312,RELIANCE,EQ,5453682,2965050,54.37
20,1313,RELIANCEP1,E1,1485084,1328143,89.43
20,1314,RELIGARE,EQ,1726891,915013,52.99
20,1315,REPCOHOME,EQ,250573,133697,53.36
20,1316,REPL,EQ,84013,65030,77.40
20,1317,REPRO,EQ,7271,4159,57.20
20,1318,RESPONIND,EQ,17955,9788,54.51
20,1319,REVATHI,EQ,3680,2136,58.04
20,1320,RGL,EQ,56494,19676,34.83
20,1321,RHFL,N4,1518,1050,69.17
20,1322,RHFL,N6,95,95,100.00
20,1323,RHIM,EQ,215394,122004,56.64
20,1324,RICOAUTO,EQ,1232627,381811,30.98
20,1325,RIIL,EQ,178664,45535,25.49
20,1326,RITES,EQ,369362,289092,78.27
20,1327,RKEC,EQ,39075,27240,69.71
20,1328,RKFORGE,EQ,163848,77209,47.12
20,1329,RML,EQ,527871,151264,28.66
20,1330,ROHLTD,EQ,167713,80794,48.17
20,1331,ROLLT,EQ,965393,731033,75.72
20,1332,ROML,EQ,9286,7608,81.93
20,1333,ROSSARI,EQ,1619216,327936,20.25
20,1334,ROSSELLIND,EQ,466962,183998,39.40
20,1335,ROUTE,EQ,373902,182476,48.80
20,1336,RPGLIFE,EQ,91409,42699,46.71
20,1337,RPPINFRA,EQ,322809,165508,51.27
20,1338,RPPL,SM,14000,9000,64.29
20,1339,RPSGVENT,EQ,146060,57634,39.46
20,1340,RSSOFTWARE,EQ,45600,23157,50.78
20,1341,RSWM,EQ,150590,119159,79.13
20,1342,RSYSTEMS,EQ,141990,78303,55.15
20,1343,RUBYMILLS,EQ,764961,153580,20.08
20,1344,RUCHI,EQ,23953,14128,58.98
20,1345,RUCHIRA,EQ,79038,34928,44.19
20,1346,RUPA,EQ,854810,501058,58.62
20,1347,RUSHIL,EQ,115473,67812,58.73
20,1348,RVHL,EQ,40031,21937,54.80
20,1349,RVNL,EQ,1644488,880438,53.54
20,1350,SADBHAV,EQ,898354,379052,42.19
20,1351,SADBHIN,EQ,776712,498087,64.13
20,1352,SAFARI,EQ,8257,5294,64.12
20,1353,SAGCEM,EQ,77262,38930,50.39
20,1354,SAIL,EQ,40356148,9626811,23.85
20,1355,SAKAR,EQ,604860,227089,37.54
20,1356,SAKSOFT,EQ,28642,15235,53.19
20,1357,SALASAR,EQ,282434,127512,45.15
20,1358,SALONA,EQ,98050,34102,34.78
20,1359,SALZERELEC,EQ,137058,70290,51.28
20,1360,SANCO,EQ,27083,18899,69.78
20,1361,SANDESH,EQ,4264,2095,49.13
20,1362,SANDHAR,EQ,118767,81947,69.00
20,1363,SANGAMIND,EQ,234774,233095,99.28
20,1364,SANGHIIND,EQ,6984983,3892638,55.73
20,1365,SANGHVIMOV,EQ,159742,83908,52.53
20,1366,SANGINITA,EQ,144518,88650,61.34
20,1367,SANOFI,EQ,32776,17998,54.91
20,1368,SARLAPOLY,EQ,5352448,1835660,34.30
20,1369,SARVESHWAR,SM,20800,20800,100.00
20,1370,SASKEN,EQ,18940,11054,58.36
20,1371,SATIA,EQ,869235,380603,43.79
20,1372,SATIN,EQ,122653,71779,58.52
20,1373,SBCL,EQ,434982,225662,51.88
20,1374,SBICARD,EQ,1086325,772945,71.15
20,1375,SBIETFCON,EQ,7828,6945,88.72
20,1376,SBIETFIT,EQ,1516,1132,74.67
20,1377,SBIETFPB,EQ,2418,1929,79.78
20,1378,SBIETFQLTY,EQ,9872,9493,96.16
20,1379,SBILIFE,EQ,1033719,315697,30.54
20,1380,SBIN,EQ,40922962,16682268,40.77
20,1381,SCAPDVR,EQ,67462,67462,100.00
20,1382,SCHAEFFLER,EQ,9841,6750,68.59
20,1383,SCHAND,EQ,303700,171144,56.35
20,1384,SCHNEIDER,EQ,899906,308764,34.31
20,1385,SCI,EQ,4899512,1607813,32.82
20,1386,SDBL,EQ,215827,141461,65.54
20,1387,SEAMECLTD,EQ,332660,154150,46.34
20,1388,SECURKLOUD,EQ,262670,204725,77.94
20,1389,SELAN,EQ,1332272,237443,17.82
20,1390,SEPOWER,EQ,11767,11767,100.00
20,1391,SEQUENT,EQ,1005796,428062,42.56
20,1392,SERVOTECH,SM,20000,4000,20.00
20,1393,SESHAPAPER,EQ,175698,37508,21.35
20,1394,SETCO,EQ,569636,329362,57.82
20,1395,SETF10GILT,EQ,126,81,64.29
20,1396,SETFGOLD,EQ,7206,5088,70.61
20,1397,SETFNIF50,EQ,303646,221967,73.10
20,1398,SETFNIFBK,EQ,28658,16912,59.01
20,1399,SETFNN50,EQ,4917,2859,58.15
20,1400,SEYAIND,EQ,76427,42108,55.10
20,1401,SFL,EQ,4641,1969,42.43
20,1402,SGBAPR28I,GB,313,258,82.43
20,1403,SGBAUG24,GB,51,50,98.04
20,1404,SGBAUG27,GB,59,58,98.31
20,1405,SGBAUG28V,GB,1291,1251,96.90
20,1406,SGBDC27VII,GB,1,1,100.00
20,1407,SGBDEC2512,GB,6,6,100.00
20,1408,SGBDEC2513,GB,4,4,100.00
20,1409,SGBDEC26,GB,2,2,100.00
20,1410,SGBFEB24,GB,95,55,57.89
20,1411,SGBFEB27,GB,2,2,100.00
20,1412,SGBFEB28IX,GB,12,12,100.00
20,1413,SGBFEB29XI,GB,109,90,82.57
20,1414,SGBJ28VIII,GB,227,177,77.97
20,1415,SGBJAN26,GB,7,7,100.00
20,1416,SGBJAN29IX,GB,193,170,88.08
20,1417,SGBJAN29X,GB,86,86,100.00
20,1418,SGBJU29III,GB,186,119,63.98
20,1419,SGBJUL25,GB,248,127,51.21
20,1420,SGBJUL27,GB,4,4,100.00
20,1421,SGBJUL28IV,GB,376,312,82.98
20,1422,SGBJUL29IV,GB,210,172,81.90
20,1423,SGBJUN27,GB,43,43,100.00
20,1424,SGBJUN28,GB,205,183,89.27
20,1425,SGBJUN29II,GB,240,240,100.00
20,1426,SGBMAR24,GB,12,12,100.00
20,1427,SGBMAR25,GB,569,565,99.30
20,1428,SGBMAR28X,GB,75,75,100.00
20,1429,SGBMAY25,GB,19,17,89.47
20,1430,SGBMAY26,GB,46,46,100.00
20,1431,SGBMAY28,GB,110,83,75.45
20,1432,SGBMAY29I,GB,704,624,88.64
20,1433,SGBMR29XII,GB,667,645,96.70
20,1434,SGBN28VIII,GB,238,204,85.71
20,1435,SGBNOV23,GB,51,47,92.16
20,1436,SGBNOV24,GB,53,53,100.00
20,1437,SGBNOV258,GB,1,1,100.00
20,1438,SGBNOV25IX,GB,8,8,100.00
20,1439,SGBNOV26,GB,25,25,100.00
20,1440,SGBOC28VII,GB,21,18,85.71
20,1441,SGBOCT25,GB,38,26,68.42
20,1442,SGBOCT25IV,GB,15,15,100.00
20,1443,SGBOCT26,GB,10,10,100.00
20,1444,SGBOCT27,GB,12,10,83.33
20,1445,SGBOCT27VI,GB,7,7,100.00
20,1446,SGBSEP24,GB,28,28,100.00
20,1447,SGBSEP27,GB,13,13,100.00
20,1448,SGBSEP28VI,GB,414,406,98.07
20,1449,SGIL,EQ,42930,27812,64.78
20,1450,SGL,EQ,68765,53327,77.55
20,1451,SHAKTIPUMP,EQ,52760,36632,69.43
20,1452,SHALBY,EQ,1227078,406776,33.15
20,1453,SHALPAINTS,EQ,218529,84973,38.88
20,1454,SHANKARA,EQ,173041,59443,34.35
20,1455,SHANTIGEAR,EQ,266048,114477,43.03
20,1456,SHARDACROP,EQ,257968,135455,52.51
20,1457,SHAREINDIA,EQ,63874,36977,57.89
20,1458,SHARIABEES,EQ,1168,1155,98.89
20,1459,SHEMAROO,EQ,146083,100286,68.65
20,1460,SHILPAMED,EQ,294923,118231,40.09
20,1461,SHIVAMAUTO,EQ,153507,98436,64.12
20,1462,SHIVAMILLS,EQ,62168,26601,42.79
20,1463,SHIVATEX,EQ,69736,25955,37.22
20,1464,SHK,EQ,368351,182656,49.59
20,1465,SHOPERSTOP,EQ,190374,66102,34.72
20,1466,SHRADHA,EQ,2311,975,42.19
20,1467,SHREDIGCEM,EQ,635166,305278,48.06
20,1468,SHREECEM,EQ,46640,16912,36.26
20,1469,SHREEPUSHK,EQ,143455,61830,43.10
20,1470,SHREERAMA,EQ,193592,131482,67.92
20,1471,SHRENIK,EQ,5062486,3234139,63.88
20,1472,SHREYANIND,EQ,64671,39343,60.84
20,1473,SHREYAS,EQ,91738,46820,51.04
20,1474,SHRIRAMCIT,EQ,21078,8713,41.34
20,1475,SHRIRAMEPC,EQ,1420835,1150272,80.96
20,1476,SHUBHLAXMI,SM,1000,1000,100.00
20,1477,SHYAMCENT,EQ,352249,217930,61.87
20,1478,SHYAMMETL,EQ,1398636,448298,32.05
20,1479,SICAL,EQ,310567,207536,66.82
20,1480,SIDDHIKA,SM,10000,6000,60.00
20,1481,SIEMENS,EQ,819967,164056,20.01
20,1482,SIGIND,EQ,97470,53745,55.14
20,1483,SIKKO,SM,8000,8000,100.00
20,1484,SILGO,EQ,34858,21289,61.07
20,1485,SILLYMONKS,EQ,1718,1192,69.38
20,1486,SILVERTUC,SM,20000,18000,90.00
20,1487,SIMPLEXINF,EQ,141117,61873,43.85
20,1488,SINTERCOM,EQ,151511,86973,57.40
20,1489,SINTEX,EQ,3994819,2700649,67.60
20,1490,SIRCA,EQ,65137,45951,70.55
20,1491,SIS,EQ,291096,122062,41.93
20,1492,SITINET,EQ,796448,796448,100.00
20,1493,SIYSIL,EQ,623619,224843,36.05
20,1494,SJVN,EQ,1909445,829367,43.43
20,1495,SKFINDIA,EQ,27005,15639,57.91
20,1496,SKIL,EQ,942969,581229,61.64
20,1497,SKIPPER,EQ,285243,136216,47.75
20,1498,SKMEGGPROD,EQ,119248,51105,42.86
20,1499,SMARTLINK,EQ,42014,23775,56.59
20,1500,SMCGLOBAL,EQ,458777,245287,53.47
20,1501,SMLISUZU,EQ,65565,33297,50.78
20,1502,SMSLIFE,EQ,51091,16458,32.21
20,1503,SMSPHARMA,EQ,382970,213246,55.68
20,1504,SNOWMAN,EQ,947027,510076,53.86
20,1505,SOBHA,EQ,354683,176664,49.81
20,1506,SOFTTECH,SM,1600,1600,100.00
20,1507,SOLARA,EQ,336013,159707,47.53
20,1508,SOLARINDS,EQ,39252,19188,48.88
20,1509,SOLEX,SM,24000,24000,100.00
20,1510,SOMATEX,EQ,27748,25293,91.15
20,1511,SOMICONVEY,EQ,12116,6325,52.20
20,1512,SONACOMS,EQ,909060,461774,50.80
20,1513,SONAHISONA,SM,20000,20000,100.00
20,1514,SONAMCLOCK,SM,9000,0,0.00
20,1515,SONATSOFTW,EQ,153409,77656,50.62
20,1516,SORILINFRA,EQ,36907,23128,62.67
20,1517,SOTL,EQ,358323,85739,23.93
20,1518,SOUTHBANK,EQ,8861514,4877849,55.05
20,1519,SOUTHWEST,EQ,171627,143906,83.85
20,1520,SPAL,EQ,161630,87508,54.14
20,1521,SPANDANA,EQ,47836,28264,59.09
20,1522,SPARC,EQ,4278470,982477,22.96
20,1523,SPECIALITY,EQ,662109,244782,36.97
20,1524,SPECTRUM,SM,2000,2000,100.00
20,1525,SPENCERS,EQ,899519,353894,39.34
20,1526,SPIC,EQ,2387285,1077849,45.15
20,1527,SPICEJET,EQ,2533487,885699,34.96
20,1528,SPLIL,EQ,1234789,462672,37.47
20,1529,SPMLINFRA,EQ,76439,51268,67.07
20,1530,SPTL,EQ,4673361,2459420,52.63
20,1531,SREEL,EQ,231778,92653,39.97
20,1532,SREIBNPNCD,NL,10,10,100.00
20,1533,SREIBNPNCD,NP,195,195,100.00
20,1534,SREIBNPNCD,Y1,37,37,100.00
20,1535,SREIBNPNCD,Y2,31,30,96.77
20,1536,SREIBNPNCD,Y3,7,7,100.00
20,1537,SREIBNPNCD,Y9,50,50,100.00
20,1538,SRF,EQ,670910,138065,20.58
20,1539,SRHHYPOLTD,EQ,26543,16939,63.82
20,1540,SRIPIPES,EQ,374762,143199,38.21
20,1541,SRTRANSFIN,EQ,2170573,1066095,49.12
20,1542,SRTRANSFIN,YH,104,100,96.15
20,1543,SRTRANSFIN,YI,36,36,100.00
20,1544,SRTRANSFIN,YK,241,215,89.21
20,1545,SRTRANSFIN,YL,850,850,100.00
20,1546,SRTRANSFIN,YN,260,260,100.00
20,1547,SRTRANSFIN,YO,66,66,100.00
20,1548,SRTRANSFIN,YQ,60,60,100.00
20,1549,SRTRANSFIN,YR,50,50,100.00
20,1550,SRTRANSFIN,YU,71,71,100.00
20,1551,SRTRANSFIN,YV,90,90,100.00
20,1552,SRTRANSFIN,YY,35,35,100.00
20,1553,SRTRANSFIN,Z2,40,40,100.00
20,1554,SRTRANSFIN,Z3,213,213,100.00
20,1555,SRTRANSFIN,Z5,10,10,100.00
20,1556,SRTRANSFIN,Z6,10,10,100.00
20,1557,SRTRANSFIN,ZC,200,200,100.00
20,1558,SRTRANSFIN,ZD,14,14,100.00
20,1559,SRTRANSFIN,ZH,190,140,73.68
20,1560,S&SPOWER,EQ,4453,4329,97.22
20,1561,SSWL,EQ,122015,56955,46.68
20,1562,STAR,EQ,2157201,748391,34.69
20,1563,STARCEMENT,EQ,305569,126674,41.46
20,1564,STARPAPER,EQ,308442,124318,40.31
20,1565,STCINDIA,EQ,83264,38775,46.57
20,1566,STEELCITY,EQ,103049,68638,66.61
20,1567,STEELXIND,EQ,3680629,2213484,60.14
20,1568,STEL,EQ,23778,17370,73.05
20,1569,STERTOOLS,EQ,143132,86670,60.55
20,1570,STLTECH,EQ,1275590,485164,38.03
20,1571,STOVEKRAFT,EQ,949310,320787,33.79
20,1572,STYLAMIND,EQ,27847,16758,60.18
20,1573,SUBEXLTD,EQ,9936300,4278797,43.06
20,1574,SUBROS,EQ,665190,200623,30.16
20,1575,SUDARSCHEM,EQ,591643,282500,47.75
20,1576,SUMICHEM,EQ,1772633,463136,26.13
20,1577,SUMMITSEC,EQ,41272,15045,36.45
20,1578,SUNCLAYLTD,EQ,9798,5425,55.37
20,1579,SUNDARMFIN,EQ,23366,14656,62.72
20,1580,SUNDARMHLD,EQ,1535140,751012,48.92
20,1581,SUNDRMBRAK,EQ,4537,2156,47.52
20,1582,SUNDRMFAST,EQ,42350,23054,54.44
20,1583,SUNFLAG,EQ,1010648,446470,44.18
20,1584,SUNPHARMA,EQ,14678219,2905222,19.79
20,1585,SUNTECK,EQ,1838253,438954,23.88
20,1586,SUNTV,EQ,1021077,313922,30.74
20,1587,SUPERHOUSE,EQ,63209,24398,38.60
20,1588,SUPRAJIT,EQ,282143,114454,40.57
20,1589,SUPREMEENG,EQ,17337,14727,84.95
20,1590,SUPREMEIND,EQ,52906,33475,63.27
20,1591,SURANASOL,EQ,67207,62676,93.26
20,1592,SURANAT&P,EQ,100689,90487,89.87
20,1593,SURYAROSNI,EQ,770632,271713,35.26
20,1594,SURYODAY,EQ,60422,32583,53.93
20,1595,SUTLEJTEX,EQ,1040769,402127,38.64
20,1596,SUULD,EQ,58168,45662,78.50
20,1597,SUVEN,EQ,3775975,1176442,31.16
20,1598,SUVENPHAR,EQ,2489025,921907,37.04
20,1599,SUVIDHAA,EQ,41499,28795,69.39
20,1600,SUZLON,EQ,32240998,17344011,53.79
20,1601,SVLL,SM,2000,2000,100.00
20,1602,SVPGLOB,EQ,422505,286448,67.80
20,1603,SWANENERGY,EQ,322695,136566,42.32
20,1604,SWARAJENG,EQ,17603,12347,70.14
20,1605,SWELECTES,EQ,17260,9507,55.08
20,1606,SWSOLAR,EQ,5325258,1295693,24.33
20,1607,SYMPHONY,EQ,88358,46749,52.91
20,1608,SYNGENE,EQ,239607,72667,30.33
20,1609,TAJGVK,EQ,69824,33856,48.49
20,1610,TAKE,EQ,837084,382540,45.70
20,1611,TALBROAUTO,EQ,167937,65208,38.83
20,1612,TARAPUR,EQ,117319,68425,58.32
20,1613,TARMAT,EQ,173019,152376,88.07
20,1614,TASTYBITE,EQ,2631,1442,54.81
20,1615,TATACAPHSG,N2,10,10,100.00
20,1616,TATACAPHSG,N4,591,491,83.08
20,1617,TATACAPHSG,NA,2,1,50.00
20,1618,TATACAPHSG,NB,10,0,0.00
20,1619,TATACHEM,EQ,999181,307436,30.77
20,1620,TATACOFFEE,EQ,3152936,965156,30.61
20,1621,TATACOMM,EQ,932152,496964,53.31
20,1622,TATACONSUM,EQ,2946289,1538141,52.21
20,1623,TATAELXSI,EQ,184955,86145,46.58
20,1624,TATAINVEST,EQ,30954,15131,48.88
20,1625,TATAMETALI,EQ,213088,81364,38.18
20,1626,TATAMOTORS,EQ,31063992,8142744,26.21
20,1627,TATAMTRDVR,EQ,3151677,2187107,69.40
20,1628,TATAPOWER,EQ,50457587,12165825,24.11
20,1629,TATASTEEL,EQ,8640560,2002020,23.17
20,1630,TATASTLBSL,EQ,5663535,2172374,38.36
20,1631,TATVA,EQ,329279,138172,41.96
20,1632,TBZ,EQ,1956316,674576,34.48
20,1633,TCFSL,NB,93,75,80.65
20,1634,TCFSL,ND,2079,1793,86.24
20,1635,TCFSL,NF,98,90,91.84
20,1636,TCFSL,NH,149,124,83.22
20,1637,TCFSL,NJ,341,260,76.25
20,1638,TCFSL,NL,17,17,100.00
20,1639,TCFSL,NN,187,187,100.00
20,1640,TCI,EQ,205808,128004,62.20
20,1641,TCIDEVELOP,EQ,6456,5146,79.71
20,1642,TCIEXP,EQ,70078,38486,54.92
20,1643,TCIFINANCE,EQ,7315,7315,100.00
20,1644,TCNSBRANDS,EQ,89036,23816,26.75
20,1645,TCPLPACK,EQ,12900,7678,59.52
20,1646,TCS,EQ,3804735,2236727,58.79
20,1647,TDPOWERSYS,EQ,45815,27675,60.41
20,1648,TEAMLEASE,EQ,120409,93786,77.89
20,1649,TECHIN,EQ,27079,15848,58.53
20,1650,TECHM,EQ,2603616,1382671,53.11
20,1651,TECHNOE,EQ,141587,60570,42.78
20,1652,TEMBO,EQ,53004,23680,44.68
20,1653,TEXINFRA,EQ,89557,42582,47.55
20,1654,TEXMOPIPES,EQ,190155,106698,56.11
20,1655,TEXRAIL,EQ,3758875,1598894,42.54
20,1656,TFCILTD,EQ,531522,275386,51.81
20,1657,TFL,EQ,9407,5561,59.12
20,1658,TGBHOTELS,EQ,47994,36485,76.02
20,1659,THANGAMAYL,EQ,174255,48088,27.60
20,1660,THEINVEST,EQ,34457,21800,63.27
20,1661,THEJO,SM,200,200,100.00
20,1662,THEMISMED,EQ,16267,9064,55.72
20,1663,THERMAX,EQ,129477,122467,94.59
20,1664,THOMASCOOK,EQ,451387,339938,75.31
20,1665,THYROCARE,EQ,369817,229639,62.10
20,1666,TIIL,EQ,60646,38425,63.36
20,1667,TIINDIA,EQ,105211,74007,70.34
20,1668,TIL,EQ,11115,8475,76.25
20,1669,TIMESGTY,EQ,10544,5749,54.52
20,1670,TIMETECHNO,EQ,532082,324568,61.00
20,1671,TIMKEN,EQ,27574,12914,46.83
20,1672,TINPLATE,EQ,683864,202766,29.65
20,1673,TIRUMALCHM,EQ,2391759,937824,39.21
20,1674,TITAN,EQ,5956344,2077793,34.88
20,1675,TMRVL,EQ,73938,47966,64.87
20,1676,TNPETRO,EQ,859369,477594,55.57
20,1677,TNPL,EQ,192599,86798,45.07
20,1678,TOKYOPLAST,EQ,41049,27232,66.34
20,1679,TORNTPHARM,EQ,85118,25762,30.27
20,1680,TORNTPOWER,EQ,866123,304406,35.15
20,1681,TOTAL,EQ,44351,25685,57.91
20,1682,TOUCHWOOD,EQ,15298,15298,100.00
20,1683,TPLPLASTEH,EQ,131103,51162,39.02
20,1684,TRANSWIND,SM,4000,4000,100.00
20,1685,TREJHARA,EQ,90813,53635,59.06
20,1686,TRENT,EQ,572016,187932,32.85
20,1687,TRIDENT,EQ,32915918,15766999,47.90
20,1688,TRIGYN,EQ,111988,70241,62.72
20,1689,TRIL,EQ,354046,242937,68.62
20,1690,TRITURBINE,EQ,390018,135561,34.76
20,1691,TRIVENI,EQ,667384,328981,49.29
20,1692,TTKHLTCARE,EQ,39571,24195,61.14
20,1693,TTKPRESTIG,EQ,13071,9162,70.09
20,1694,TTL,EQ,58603,44107,75.26
20,1695,TV18BRDCST,EQ,6445302,2319888,35.99
20,1696,TVSELECT,EQ,105489,40181,38.09
20,1697,TVSMOTOR,EQ,1797756,984041,54.74
20,1698,TVSSRICHAK,EQ,31341,25754,82.17
20,1699,TVTODAY,EQ,85150,46331,54.41
20,1700,TVVISION,EQ,9205,9205,100.00
20,1701,TWL,EQ,4679677,1242860,26.56
20,1702,UBL,EQ,3314857,543687,16.40
20,1703,UCALFUEL,EQ,44103,19557,44.34
20,1704,UCOBANK,EQ,3214570,1735457,53.99
20,1705,UFLEX,EQ,764916,257497,33.66
20,1706,UFO,EQ,556576,334876,60.17
20,1707,UGARSUGAR,EQ,312390,197696,63.28
20,1708,UJAAS,EQ,2157043,1383025,64.12
20,1709,UJJIVAN,EQ,217065,109650,50.51
20,1710,UJJIVANSFB,EQ,2161618,1291644,59.75
20,1711,ULTRACEMCO,EQ,385216,169783,44.07
20,1712,UMANGDAIRY,EQ,350304,171477,48.95
20,1713,UMESLTD,EQ,117922,81403,69.03
20,1714,UNICHEMLAB,EQ,103853,59788,57.57
20,1715,UNIDT,EQ,241576,145183,60.10
20,1716,UNIENTER,EQ,41101,20708,50.38
20,1717,UNIINFO,SM,14000,14000,100.00
20,1718,UNIONBANK,EQ,9091648,4151720,45.67
20,1719,UNITEDPOLY,SM,9000,9000,100.00
20,1720,UNITEDTEA,EQ,14725,9924,67.40
20,1721,UNIVASTU,EQ,4328,2565,59.27
20,1722,UNIVCABLES,EQ,65833,29016,44.08
20,1723,UNIVPHOTO,EQ,4221,3406,80.69
20,1724,UPL,EQ,3265559,832274,25.49
20,1725,URJA,EQ,1072084,872319,81.37
20,1726,URJAPP,X1,150205,143277,95.39
20,1727,USHAMART,EQ,3962418,2184290,55.13
20,1728,UTIAMC,EQ,379003,217404,57.36
20,1729,UTIBANKETF,EQ,13966,11908,85.26
20,1730,UTINEXT50,EQ,9323,8024,86.07
20,1731,UTINIFTETF,EQ,544,264,48.53
20,1732,UTISENSETF,EQ,1820,830,45.60
20,1733,UTISXN50,EQ,1222,1117,91.41
20,1734,V2RETAIL,EQ,38953,28989,74.42
20,1735,VADILALIND,EQ,180984,59972,33.14
20,1736,VAIBHAVGBL,EQ,179138,100073,55.86
20,1737,VAISHALI,EQ,40887,30068,73.54
20,1738,VAKRANGEE,EQ,1895016,1464876,77.30
20,1739,VALIANTORG,EQ,72505,47550,65.58
20,1740,VARDHACRLC,EQ,771085,415881,53.93
20,1741,VARROC,EQ,94369,54915,58.19
20,1742,VASCONEQ,EQ,1250317,975007,77.98
20,1743,VASWANI,EQ,36170,26622,73.60
20,1744,VBL,EQ,661904,317991,48.04
20,1745,VCL,SM,6000,6000,100.00
20,1746,VEDL,EQ,16167055,4924992,30.46
20,1747,VENKEYS,EQ,119138,39017,32.75
20,1748,VENUSREM,EQ,92485,56475,61.06
20,1749,VERTOZ,EQ,313617,100573,32.07
20,1750,VESUVIUS,EQ,13599,7449,54.78
20,1751,VETO,EQ,95683,53339,55.75
20,1752,VGUARD,EQ,538641,299308,55.57
20,1753,VHL,EQ,2451,1314,53.61
20,1754,VIDHIING,EQ,1580284,280743,17.77
20,1755,VIKASECO,EQ,8232963,7353077,89.31
20,1756,VIKASPROP,EQ,2899983,2399241,82.73
20,1757,VIKASWSP,EQ,1005679,928848,92.36
20,1758,VIMTALABS,EQ,52738,34476,65.37
20,1759,VINATIORGA,EQ,105987,45253,42.70
20,1760,VINDHYATEL,EQ,11724,5853,49.92
20,1761,VINEETLAB,EQ,78206,50156,64.13
20,1762,VINYLINDIA,EQ,142515,83471,58.57
20,1763,VIPIND,EQ,373475,131897,35.32
20,1764,VIPULLTD,EQ,51421,30748,59.80
20,1765,VISAKAIND,EQ,74515,39827,53.45
20,1766,VISASTEEL,EQ,27969,27969,100.00
20,1767,VISHAL,EQ,1273398,831031,65.26
20,1768,VISHNU,EQ,17049,13509,79.24
20,1769,VISHWARAJ,EQ,158785,67081,42.25
20,1770,VIVIDHA,EQ,11716328,9595045,81.89
20,1771,VIVIMEDLAB,EQ,179575,133746,74.48
20,1772,VLSFINANCE,EQ,104834,70531,67.28
20,1773,VMARCIND,SM,66000,51000,77.27
20,1774,VMART,EQ,39759,27106,68.18
20,1775,VOLTAMP,EQ,109942,44539,40.51
20,1776,VOLTAS,EQ,1343934,585326,43.55
20,1777,VRLLOG,EQ,231412,160492,69.35
20,1778,VSCL,SM,3000,3000,100.00
20,1779,VSSL,EQ,148332,76544,51.60
20,1780,VSTIND,EQ,5936,2995,50.45
20,1781,VSTTILLERS,EQ,6373,3321,52.11
20,1782,VTL,EQ,146584,65486,44.67
20,1783,WABAG,EQ,1751847,856363,48.88
20,1784,WABCOINDIA,EQ,24691,11444,46.35
20,1785,WALCHANNAG,EQ,288071,139840,48.54
20,1786,WALPAR,SM,158000,130000,82.28
20,1787,WATERBASE,EQ,116417,55949,48.06
20,1788,WEBELSOLAR,EQ,135687,80864,59.60
20,1789,WEIZMANIND,EQ,18947,12230,64.55
20,1790,WELCORP,EQ,1539979,745922,48.44
20,1791,WELENT,EQ,347810,225348,64.79
20,1792,WELINV,EQ,2821,1975,70.01
20,1793,WELSPUNIND,EQ,2544406,1393572,54.77
20,1794,WENDT,EQ,1129,682,60.41
20,1795,WESTLIFE,EQ,89627,41744,46.58
20,1796,WHEELS,EQ,76199,35635,46.77
20,1797,WHIRLPOOL,EQ,110444,92709,83.94
20,1798,WILLAMAGOR,EQ,26878,17039,63.39
20,1799,WINDMACHIN,EQ,120902,82339,68.10
20,1800,WIPRO,EQ,5165607,1621547,31.39
20,1801,WOCKPHARMA,EQ,398464,139059,34.90
20,1802,WONDERLA,EQ,298845,259158,86.72
20,1803,WORTH,EQ,28860,20977,72.69
20,1804,WSTCSTPAPR,EQ,219285,94845,43.25
20,1805,XCHANGING,EQ,1333562,788326,59.11
20,1806,XPROINDIA,EQ,59160,33915,57.33
20,1807,YESBANK,EQ,62836740,36345790,57.84
20,1808,ZEEL,EQ,5731325,1969700,34.37
20,1809,ZEEL,P2,4570209,4562016,99.82
20,1810,ZEELEARN,EQ,917370,607982,66.27
20,1811,ZEEMEDIA,EQ,1399137,1098345,78.50
20,1812,ZENITHEXPO,EQ,4140,1978,47.78
20,1813,ZENSARTECH,EQ,1034417,463463,44.80
20,1814,ZENTEC,EQ,200277,127491,63.66
20,1815,ZODIAC,SM,20000,16000,80.00
20,1816,ZODIACLOTH,EQ,130126,62344,47.91
20,1817,ZODJRDMKJ,EQ,2335,1726,73.92
20,1818,ZOMATO,EQ,46610001,10292725,22.08
20,1819,ZOTA,EQ,1343063,574226,42.75
20,1820,ZYDUSWELL,EQ,46110,29410,63.78
